;D0.2.1.2.1;;;;;G0.2.2.3.2.2.3;;;;;;;;;;;;;;;;;;;;;;;;;;;;;;;;;;;;
Categorie;Categorie_id;Data / Section;Source;Lien;Géographie;Géographie_id;Unité;Data sommables / ratio;1990;1991;1992;1993;1994;1995;1996;1997;1998;1999;2000;2001;2002;2003;2004;2005;2006;2007;2008;2009;2010;2011;2012;2013;2014;2015;2016;2017;2018;2019;2020;2021;2022;2023
Emissions GES;D0.2.1;;CITEPA;https://www.citepa.org/donnees-air-climat/donnees-gaz-a-effet-de-serre/secten/;France;G0.2.2.3;Mt CO2e;; 521,21 ; 546,72 ; 537,58 ; 511,75 ; 505,71 ; 508,53 ; 519,16 ; 510,17 ; 520,99 ; 511,22 ; 522,02 ; 512,77 ; 496,77 ; 496,42 ; 494,44 ; 496,91 ; 486,98 ; 481,27 ; 477,01 ; 467,60 ; 469,51 ; 443,66 ; 441,70 ; 436,37 ; 410,26 ; 417,26 ; 425,30 ; 438,74 ; 414,71 ; 410,40 ; 368,13 ; 392,58 ; 377,17 ; 352,21 
par gaz à effet de serre;D0.2.1.1;S;CITEPA;https://www.citepa.org/donnees-air-climat/donnees-gaz-a-effet-de-serre/secten/;France;G0.2.2.3;Mt CO2e;;;;;;;;;;;;;;;;;;;;;;;;;;;;;;;;;;;
par secteur;D0.2.1.2;S;CITEPA;https://www.citepa.org/donnees-air-climat/donnees-gaz-a-effet-de-serre/secten/;France;G0.2.2.3;Mt CO2e;;;;;;;;;;;;;;;;;;;;;;;;;;;;;;;;;;;
par combustible;D0.2.1.3;S;CITEPA;https://www.citepa.org/donnees-air-climat/donnees-gaz-a-effet-de-serre/secten/;France;G0.2.2.3;Mt CO2e;;;;;;;;;;;;;;;;;;;;;;;;;;;;;;;;;;;
;;;;;;;;;;;;;;;;;;;;;;;;;;;;;;;;;;;;;;;;;;
Dioxyde de carbone - CO2;D0.2.1.1.1;;CITEPA;https://www.citepa.org/donnees-air-climat/donnees-gaz-a-effet-de-serre/secten/;France;G0.2.2.3;Mt CO2e;; 377,64 ; 402,20 ; 393,16 ; 369,67 ; 362,61 ; 364,63 ; 374,41 ; 366,71 ; 382,73 ; 377,26 ; 388,28 ; 378,62 ; 364,56 ; 366,09 ; 366,33 ; 370,02 ; 361,12 ; 355,39 ; 349,82 ; 343,45 ; 347,59 ; 324,52 ; 323,04 ; 320,43 ; 294,88 ; 303,02 ; 312,03 ; 325,69 ; 305,61 ; 304,74 ; 266,59 ; 294,21 ; 282,34 ; 259,35 
Méthane - CH4;D0.2.1.1.2;;CITEPA;https://www.citepa.org/donnees-air-climat/donnees-gaz-a-effet-de-serre/secten/;France;G0.2.2.3;Mt CO2e;; 78,52 ; 78,93 ; 78,99 ; 79,43 ; 82,07 ; 82,80 ; 81,26 ; 79,23 ; 79,16 ; 78,78 ; 79,36 ; 79,46 ; 77,54 ; 76,37 ; 75,07 ; 74,11 ; 73,38 ; 73,28 ; 73,91 ; 72,54 ; 72,22 ; 69,43 ; 68,76 ; 67,00 ; 65,78 ; 65,22 ; 65,22 ; 64,62 ; 63,44 ; 63,09 ; 61,76 ; 60,23 ; 59,01 ; 58,16 
Protoxydes d'azote - N2O;D0.2.1.1.3;;CITEPA;https://www.citepa.org/donnees-air-climat/donnees-gaz-a-effet-de-serre/secten/;France;G0.2.2.3;Mt CO2e;; 53,89 ; 54,08 ; 54,51 ; 53,45 ; 53,03 ; 54,17 ; 55,51 ; 55,42 ; 49,37 ; 43,99 ; 43,09 ; 42,74 ; 40,34 ; 38,57 ; 37,19 ; 36,91 ; 35,55 ; 35,17 ; 35,03 ; 33,56 ; 30,88 ; 30,30 ; 30,30 ; 29,65 ; 30,62 ; 30,28 ; 29,54 ; 30,58 ; 29,50 ; 28,49 ; 27,27 ; 26,95 ; 25,89 ; 25,37 
Hydrofluorocarbures - HFC;D0.2.1.1.4;;CITEPA;https://www.citepa.org/donnees-air-climat/donnees-gaz-a-effet-de-serre/secten/;France;G0.2.2.3;Mt CO2e;; 4,23 ; 4,85 ; 4,13 ; 2,44 ; 1,54 ; 1,62 ; 2,88 ; 3,63 ; 3,98 ; 5,00 ; 6,32 ; 7,65 ; 8,90 ; 10,27 ; 11,79 ; 12,88 ; 14,31 ; 15,16 ; 16,29 ; 16,48 ; 17,27 ; 17,95 ; 18,14 ; 18,00 ; 17,84 ; 17,63 ; 17,26 ; 16,61 ; 14,97 ; 12,99 ; 11,51 ; 10,25 ; 9,11 ; 8,50 
Perfluorocarbures - PFC;D0.2.1.1.5;;CITEPA;https://www.citepa.org/donnees-air-climat/donnees-gaz-a-effet-de-serre/secten/;France;G0.2.2.3;Mt CO2e;; 4,68 ; 4,34 ; 4,43 ; 4,36 ; 3,90 ; 2,76 ; 2,52 ; 2,61 ; 3,05 ; 3,80 ; 2,70 ; 2,39 ; 3,76 ; 3,46 ; 2,37 ; 1,57 ; 1,31 ; 1,05 ; 0,69 ; 0,49 ; 0,54 ; 0,68 ; 0,69 ; 0,58 ; 0,53 ; 0,47 ; 0,58 ; 0,61 ; 0,59 ; 0,53 ; 0,47 ; 0,39 ; 0,32 ; 0,32 
Hexafluorure de soufre - SF6;D0.2.1.1.6;;CITEPA;https://www.citepa.org/donnees-air-climat/donnees-gaz-a-effet-de-serre/secten/;France;G0.2.2.3;Mt CO2e;; 2,23 ; 2,30 ; 2,34 ; 2,38 ; 2,53 ; 2,56 ; 2,57 ; 2,55 ; 2,67 ; 2,36 ; 2,25 ; 1,88 ; 1,65 ; 1,63 ; 1,66 ; 1,40 ; 1,29 ; 1,18 ; 1,23 ; 1,05 ; 0,98 ; 0,76 ; 0,77 ; 0,70 ; 0,60 ; 0,63 ; 0,66 ; 0,61 ; 0,59 ; 0,53 ; 0,53 ; 0,54 ; 0,48 ; 0,48 
Trifluorure d'azote - NF3;D0.2.1.1.7;;CITEPA;https://www.citepa.org/donnees-air-climat/donnees-gaz-a-effet-de-serre/secten/;France;G0.2.2.3;Mt CO2e;; 0,02 ; 0,02 ; 0,02 ; 0,02 ; 0,02 ; 0,01 ; 0,01 ; 0,02 ; 0,02 ; 0,03 ; 0,02 ; 0,03 ; 0,03 ; 0,03 ; 0,03 ; 0,03 ; 0,03 ; 0,04 ; 0,04 ; 0,02 ; 0,03 ; 0,03 ; 0,02 ; 0,01 ; 0,01 ; 0,01 ; 0,01 ; 0,01 ; 0,01 ; 0,01 ; 0,01 ; 0,01 ; 0,03 ; 0,03 
;;;;;;;;;;;;;;;;;;;;;;;;;;;;;;;;;;;;;;;;;;
Industrie de l'énergie;D0.2.1.2.1;;CITEPA;https://www.citepa.org/donnees-air-climat/donnees-gaz-a-effet-de-serre/secten/;France;G0.2.2.3;Mt CO2e;; 78,86 ; 80,10 ; 81,37 ; 69,07 ; 65,98 ; 68,51 ; 72,09 ; 67,71 ; 80,07 ; 73,10 ; 71,72 ; 64,84 ; 67,33 ; 70,72 ; 69,26 ; 74,38 ; 70,20 ; 69,77 ; 68,92 ; 66,77 ; 66,99 ; 61,20 ; 62,88 ; 60,84 ; 47,20 ; 49,96 ; 53,52 ; 57,25 ; 47,88 ; 46,04 ; 40,93 ; 42,12 ; 43,13 ; 35,41 
Industrie manufacturière et construction;D0.2.1.2.2;;CITEPA;https://www.citepa.org/donnees-air-climat/donnees-gaz-a-effet-de-serre/secten/;France;G0.2.2.3;Mt CO2e;; 140,20 ; 152,47 ; 139,94 ; 134,38 ; 135,31 ; 135,98 ; 138,06 ; 136,87 ; 130,84 ; 128,08 ; 124,86 ; 127,87 ; 123,93 ; 122,52 ; 117,33 ; 117,99 ; 117,17 ; 115,90 ; 108,69 ; 89,60 ; 95,46 ; 91,43 ; 88,06 ; 89,31 ; 86,29 ; 83,72 ; 83,52 ; 83,19 ; 81,68 ; 78,99 ; 70,28 ; 77,23 ; 70,99 ; 64,85 
Traitement centralisé des déchets;D0.2.1.2.3;;CITEPA;https://www.citepa.org/donnees-air-climat/donnees-gaz-a-effet-de-serre/secten/;France;G0.2.2.3;Mt CO2e;; 15,49 ; 16,16 ; 16,90 ; 17,64 ; 17,96 ; 18,16 ; 18,16 ; 18,11 ; 18,51 ; 18,73 ; 19,11 ; 19,32 ; 19,58 ; 19,73 ; 19,59 ; 19,43 ; 19,39 ; 19,24 ; 19,24 ; 18,57 ; 18,61 ; 17,72 ; 17,37 ; 15,69 ; 15,02 ; 14,03 ; 14,14 ; 14,22 ; 13,96 ; 14,86 ; 14,80 ; 14,29 ; 14,41 ; 14,41 
Usage des bâtiments et activités résidentiels/tertiaires;D0.2.1.2.4;;CITEPA;https://www.citepa.org/donnees-air-climat/donnees-gaz-a-effet-de-serre/secten/;France;G0.2.2.3;Mt CO2e;; 92,87 ; 102,53 ; 98,70 ; 95,07 ; 88,57 ; 88,50 ; 98,45 ; 93,54 ; 98,26 ; 99,98 ; 96,52 ; 102,40 ; 98,19 ; 103,92 ; 108,81 ; 107,84 ; 103,28 ; 95,98 ; 103,13 ; 105,41 ; 104,35 ; 89,49 ; 95,35 ; 97,82 ; 81,54 ; 84,97 ; 84,74 ; 84,11 ; 80,02 ; 76,47 ; 72,09 ; 74,37 ; 61,75 ; 58,38 
Agriculture / sylviculture;D0.2.1.2.5;;CITEPA;https://www.citepa.org/donnees-air-climat/donnees-gaz-a-effet-de-serre/secten/;France;G0.2.2.3;Mt CO2e;; 88,72 ; 87,83 ; 87,48 ; 86,40 ; 85,58 ; 86,30 ; 87,20 ; 87,26 ; 87,44 ; 87,81 ; 90,19 ; 89,97 ; 88,12 ; 84,82 ; 86,02 ; 85,30 ; 84,47 ; 84,83 ; 86,72 ; 85,77 ; 83,32 ; 82,89 ; 82,15 ; 82,05 ; 83,61 ; 83,22 ; 81,78 ; 81,40 ; 80,52 ; 78,59 ; 78,21 ; 76,40 ; 74,19 ; 73,02 
Transports;D0.2.1.2.6;;CITEPA;https://www.citepa.org/donnees-air-climat/donnees-gaz-a-effet-de-serre/secten/;France;G0.2.2.3;Mt CO2e;; 123,34 ; 126,09 ; 130,47 ; 130,75 ; 131,65 ; 133,53 ; 135,24 ; 137,94 ; 140,38 ; 142,92 ; 142,68 ; 145,94 ; 146,94 ; 146,64 ; 147,16 ; 144,76 ; 144,61 ; 143,36 ; 136,84 ; 136,44 ; 137,42 ; 138,64 ; 137,10 ; 136,68 ; 136,27 ; 137,72 ; 137,91 ; 138,01 ; 135,04 ; 134,07 ; 113,18 ; 127,22 ; 131,21 ; 126,80 
UTCATF;D0.2.1.2.7;;CITEPA;https://www.citepa.org/donnees-air-climat/donnees-gaz-a-effet-de-serre/secten/;France;G0.2.2.3;Mt CO2e;;-18,29 ;-18,46 ;-17,28 ;-21,55 ;-19,34 ;-22,43 ;-30,04 ;-31,27 ;-34,51 ;-39,40 ;-23,06 ;-37,57 ;-47,31 ;-51,93 ;-53,74 ;-52,79 ;-52,13 ;-47,82 ;-46,53 ;-34,97 ;-36,64 ;-37,71 ;-41,20 ;-46,03 ;-39,69 ;-36,37 ;-30,31 ;-19,44 ;-24,38 ;-18,61 ;-21,35 ;-19,05 ;-18,50 ;-20,65 
Hors total;D0.2.1.2.8;;CITEPA;https://www.citepa.org/donnees-air-climat/donnees-gaz-a-effet-de-serre/secten/;France;G0.2.2.3;Mt CO2e;; 20,78 ; 20,74 ; 21,90 ; 21,98 ; 21,58 ; 21,90 ; 22,99 ; 24,09 ; 25,82 ; 27,27 ; 28,20 ; 26,53 ; 27,25 ; 27,25 ; 29,45 ; 28,71 ; 30,15 ; 31,06 ; 29,93 ; 28,51 ; 28,34 ; 29,53 ; 28,66 ; 27,85 ; 26,98 ; 27,25 ; 26,67 ; 27,27 ; 28,58 ; 28,69 ; 15,27 ; 16,49 ; 21,76 ; 23,58 
;;;;;;;;;;;;;;;;;;;;;;;;;;;;;;;;;;;;;;;;;;
Combustibles solides;D0.2.1.3.1;;CITEPA;https://www.citepa.org/donnees-air-climat/donnees-gaz-a-effet-de-serre/secten/;France;G0.2.2.3;Mt CO2e;; 65,18 ; 72,24 ; 64,93 ; 50,94 ; 49,26 ; 51,60 ; 53,55 ; 46,00 ; 55,49 ; 49,84 ; 48,07 ; 41,43 ; 40,99 ; 43,59 ; 41,49 ; 44,83 ; 39,72 ; 42,19 ; 40,30 ; 37,75 ; 38,48 ; 31,62 ; 37,08 ; 38,56 ; 27,78 ; 27,47 ; 26,54 ; 28,51 ; 24,30 ; 19,66 ; 18,30 ; 21,76 ; 19,04 ; 16,94 
Combustibles liquides;D0.2.1.3.2;;CITEPA;https://www.citepa.org/donnees-air-climat/donnees-gaz-a-effet-de-serre/secten/;France;G0.2.2.3;Mt CO2e;; 217,68 ; 228,08 ; 225,96 ; 222,51 ; 216,29 ; 220,07 ; 226,32 ; 224,32 ; 229,24 ; 228,53 ; 219,28 ; 230,03 ; 224,95 ; 227,08 ; 226,98 ; 224,20 ; 219,09 ; 209,89 ; 205,55 ; 202,80 ; 198,53 ; 192,31 ; 188,70 ; 187,77 ; 181,44 ; 183,62 ; 180,53 ; 179,75 ; 173,61 ; 171,26 ; 149,98 ; 163,35 ; 164,96 ; 159,06 
Combustibles gazeux;D0.2.1.3.3;;CITEPA;https://www.citepa.org/donnees-air-climat/donnees-gaz-a-effet-de-serre/secten/;France;G0.2.2.3;Mt CO2e;; 85,41 ; 94,56 ; 95,68 ; 94,85 ; 94,48 ; 94,54 ; 102,79 ; 102,96 ; 106,93 ; 111,16 ; 114,59 ; 116,59 ; 115,86 ; 118,71 ; 120,17 ; 121,89 ; 119,48 ; 114,86 ; 118,15 ; 114,57 ; 120,65 ; 110,83 ; 113,73 ; 113,75 ; 98,16 ; 102,97 ; 109,92 ; 109,80 ; 104,96 ; 106,56 ; 97,38 ; 102,71 ; 93,93 ; 82,98 
Agro-carburants et autres produits de la biomasse;D0.2.1.3.4;;CITEPA;https://www.citepa.org/donnees-air-climat/donnees-gaz-a-effet-de-serre/secten/;France;G0.2.2.3;Mt CO2e;; 0,04 ; 0,04 ; 0,04 ; 0,05 ; 0,04 ; 0,05 ; 0,05 ; 0,06 ; 0,06 ; 0,06 ; 0,06 ; 0,06 ; 0,06 ; 0,06 ; 0,07 ; 0,08 ; 0,09 ; 0,12 ; 0,16 ; 0,14 ; 0,14 ; 0,16 ; 0,21 ; 0,21 ; 0,23 ; 0,24 ; 0,24 ; 0,25 ; 0,25 ; 0,25 ; 0,23 ; 0,24 ; 0,22 ; 0,22 
Emissions non liées aux combustibles - hors UTCATF;D0.2.1.3.5;;CITEPA;https://www.citepa.org/donnees-air-climat/donnees-gaz-a-effet-de-serre/secten/;France;G0.2.2.3;Mt CO2e;; 171,18 ; 170,26 ; 168,25 ; 164,95 ; 164,97 ; 164,71 ; 166,48 ; 168,12 ; 163,78 ; 161,03 ; 163,08 ; 162,23 ; 162,21 ; 158,91 ; 159,47 ; 158,70 ; 160,72 ; 162,04 ; 159,38 ; 147,30 ; 148,35 ; 146,46 ; 143,19 ; 142,09 ; 142,33 ; 139,33 ; 138,38 ; 139,87 ; 135,97 ; 131,29 ; 123,60 ; 123,57 ; 117,52 ; 113,66 
UTCATF;D0.2.1.3.6;;CITEPA;https://www.citepa.org/donnees-air-climat/donnees-gaz-a-effet-de-serre/secten/;France;G0.2.2.3;Mt CO2e;;-18,29 ;-18,46 ;-17,28 ;-21,55 ;-19,34 ;-22,43 ;-30,04 ;-31,27 ;-34,51 ;-39,40 ;-23,06 ;-37,57 ;-47,31 ;-51,93 ;-53,74 ;-52,79 ;-52,13 ;-47,82 ;-46,53 ;-34,97 ;-36,64 ;-37,71 ;-41,20 ;-46,03 ;-39,69 ;-36,37 ;-30,31 ;-19,44 ;-24,38 ;-18,61 ;-21,35 ;-19,05 ;-18,50 ;-20,65 
;;;;;;;;;;;;;;;;;;;;;;;;;;;;;;;;;;;;;;;;;;
Production d'électricité;D0.2.1.2.1.1;;CITEPA;https://www.citepa.org/donnees-air-climat/donnees-gaz-a-effet-de-serre/secten/;France;G0.2.2.3;Mt CO2e;; 41,35 ; 41,47 ; 42,41 ; 30,14 ; 26,63 ; 29,23 ; 32,62 ; 28,73 ; 41,29 ; 34,93 ; 34,45 ; 27,67 ; 31,42 ; 34,48 ; 32,90 ; 38,70 ; 34,40 ; 34,77 ; 33,77 ; 33,26 ; 34,47 ; 27,65 ; 30,54 ; 30,69 ; 19,13 ; 21,39 ; 24,96 ; 29,25 ; 21,22 ; 19,93 ; 17,68 ; 19,82 ; 21,87 ; 14,45 
Chauffage urbain;D0.2.1.2.1.2;;CITEPA;https://www.citepa.org/donnees-air-climat/donnees-gaz-a-effet-de-serre/secten/;France;G0.2.2.3;Mt CO2e;; 6,02 ; 6,74 ; 6,60 ; 6,57 ; 6,18 ; 6,15 ; 6,95 ; 6,54 ; 6,55 ; 6,43 ; 6,41 ; 6,53 ; 6,61 ; 6,80 ; 6,94 ; 6,78 ; 6,88 ; 6,44 ; 6,64 ; 5,97 ; 6,50 ; 8,12 ; 9,46 ; 7,79 ; 5,66 ; 6,49 ; 6,63 ; 6,58 ; 5,79 ; 5,70 ; 5,39 ; 5,16 ; 3,80 ; 3,61 
Raffinage du pétrole;D0.2.1.2.1.3;;CITEPA;https://www.citepa.org/donnees-air-climat/donnees-gaz-a-effet-de-serre/secten/;France;G0.2.2.3;Mt CO2e;; 15,25 ; 15,53 ; 15,69 ; 15,69 ; 16,39 ; 16,54 ; 17,34 ; 18,15 ; 17,92 ; 17,18 ; 17,21 ; 17,31 ; 16,43 ; 16,40 ; 16,81 ; 16,91 ; 17,35 ; 17,50 ; 17,60 ; 16,64 ; 14,78 ; 14,31 ; 11,72 ; 10,95 ; 10,88 ; 10,46 ; 10,19 ; 9,61 ; 9,10 ; 8,71 ; 7,19 ; 6,52 ; 6,76 ; 7,19 
Transformation des combustibles minéraux solides;D0.2.1.2.1.4;;CITEPA;https://www.citepa.org/donnees-air-climat/donnees-gaz-a-effet-de-serre/secten/;France;G0.2.2.3;Mt CO2e;; 4,18 ; 4,19 ; 4,21 ; 3,83 ; 3,73 ; 3,76 ; 3,69 ; 3,55 ; 3,88 ; 3,94 ; 3,89 ; 3,73 ; 3,60 ; 3,58 ; 3,41 ; 3,19 ; 3,17 ; 3,11 ; 3,01 ; 2,74 ; 2,98 ; 2,94 ; 2,70 ; 2,81 ; 2,96 ; 2,94 ; 2,86 ; 2,97 ; 2,93 ; 2,85 ; 2,12 ; 2,17 ; 2,20 ; 1,80 
Extraction et distribution de combustibles solides;D0.2.1.2.1.5;;CITEPA;https://www.citepa.org/donnees-air-climat/donnees-gaz-a-effet-de-serre/secten/;France;G0.2.2.3;Mt CO2e;; 5,35 ; 4,97 ; 5,19 ; 5,42 ; 5,54 ; 5,49 ; 4,17 ; 3,55 ; 3,45 ; 3,27 ; 2,25 ; 2,02 ; 1,34 ; 1,28 ; 0,75 ; 0,41 ; 0,26 ; 0,04 ; 0,04 ; 0,04 ; 0,04 ; 0,03 ; 0,01 ; 0,02 ; 0,01 ; 0,01 ; 0,01 ; 0,01 ; 0,01 ; 0,01 ; 0,01 ; 0,00 ; 0,00 ; 0,00 
Extraction et distribution de combustibles liquides;D0.2.1.2.1.6;;CITEPA;https://www.citepa.org/donnees-air-climat/donnees-gaz-a-effet-de-serre/secten/;France;G0.2.2.3;Mt CO2e;; 0,48 ; 0,46 ; 0,45 ; 0,44 ; 0,44 ; 0,39 ; 0,34 ; 0,29 ; 0,27 ; 0,25 ; 0,23 ; 0,22 ; 0,21 ; 0,20 ; 0,18 ; 0,18 ; 0,17 ; 0,16 ; 0,16 ; 0,14 ; 0,14 ; 0,14 ; 0,13 ; 0,13 ; 0,12 ; 0,13 ; 0,13 ; 0,12 ; 0,12 ; 0,12 ; 0,10 ; 0,10 ; 0,09 ; 0,10 
Extraction et distribution de combustibles gazeux;D0.2.1.2.1.7;;CITEPA;https://www.citepa.org/donnees-air-climat/donnees-gaz-a-effet-de-serre/secten/;France;G0.2.2.3;Mt CO2e;; 3,47 ; 3,71 ; 3,53 ; 3,47 ; 3,53 ; 3,37 ; 3,45 ; 3,35 ; 3,14 ; 3,16 ; 3,16 ; 2,94 ; 3,02 ; 3,09 ; 3,18 ; 3,15 ; 3,03 ; 2,91 ; 2,90 ; 2,82 ; 2,49 ; 2,28 ; 2,34 ; 2,17 ; 1,82 ; 1,75 ; 1,76 ; 1,65 ; 1,60 ; 1,58 ; 1,27 ; 1,20 ; 1,25 ; 1,11 
Fabrication de charbon de bois par pyrolyse;D0.2.1.2.1.8;;CITEPA;https://www.citepa.org/donnees-air-climat/donnees-gaz-a-effet-de-serre/secten/;France;G0.2.2.3;Mt CO2e;; 0,05 ; 0,04 ; 0,04 ; 0,03 ; 0,03 ; 0,03 ; 0,02 ; 0,02 ; 0,01 ; 0,01 ; 0,00 ; 0,00 ; 0,00 ; 0,00 ; 0,00 ; 0,00 ; 0,00 ; 0,00 ; 0,00 ; 0,00 ; 0,00 ; 0,00 ; 0,00 ; 0,00 ; 0,00 ; 0,00 ; 0,00 ; 0,00 ; 0,00 ; 0,00 ; 0,00 ; 0,00 ; 0,00 ; 0,00 
Valorisation énergétique des déchets;D0.2.1.2.1.9;;CITEPA;https://www.citepa.org/donnees-air-climat/donnees-gaz-a-effet-de-serre/secten/;France;G0.2.2.3;Mt CO2e;; 2,73 ; 2,98 ; 3,23 ; 3,49 ; 3,52 ; 3,54 ; 3,50 ; 3,53 ; 3,54 ; 3,93 ; 4,13 ; 4,41 ; 4,70 ; 4,90 ; 5,09 ; 5,06 ; 4,93 ; 4,84 ; 4,81 ; 5,15 ; 5,58 ; 5,73 ; 5,97 ; 6,29 ; 6,61 ; 6,78 ; 6,97 ; 7,06 ; 7,10 ; 7,14 ; 7,18 ; 7,15 ; 7,14 ; 7,14 
;;;;;;;;;;;;;;;;;;;;;;;;;;;;;;;;;;;;;;;;;;
Chimie;D0.2.1.2.2.1;;CITEPA;https://www.citepa.org/donnees-air-climat/donnees-gaz-a-effet-de-serre/secten/;France;G0.2.2.3;Mt CO2e;; 49,52 ; 53,96 ; 50,88 ; 48,81 ; 50,22 ; 50,22 ; 51,96 ; 51,73 ; 42,40 ; 37,99 ; 36,78 ; 39,16 ; 34,71 ; 35,04 ; 31,84 ; 32,96 ; 30,49 ; 30,24 ; 28,90 ; 26,01 ; 24,98 ; 23,61 ; 22,75 ; 22,44 ; 21,99 ; 21,62 ; 20,59 ; 20,47 ; 19,60 ; 18,71 ; 17,64 ; 18,67 ; 16,58 ; 15,52 
Construction;D0.2.1.2.2.2;;CITEPA;https://www.citepa.org/donnees-air-climat/donnees-gaz-a-effet-de-serre/secten/;France;G0.2.2.3;Mt CO2e;; 3,52 ; 3,55 ; 3,58 ; 3,55 ; 2,83 ; 3,19 ; 3,23 ; 2,96 ; 4,93 ; 4,44 ; 3,95 ; 4,82 ; 6,23 ; 5,93 ; 5,62 ; 5,24 ; 5,18 ; 4,39 ; 3,86 ; 3,17 ; 2,91 ; 4,16 ; 4,01 ; 3,98 ; 3,88 ; 3,81 ; 3,75 ; 3,76 ; 3,76 ; 3,84 ; 3,67 ; 3,83 ; 3,85 ; 3,61 
Biens d'équipements, matériels de transport;D0.2.1.2.2.3;;CITEPA;https://www.citepa.org/donnees-air-climat/donnees-gaz-a-effet-de-serre/secten/;France;G0.2.2.3;Mt CO2e;; 5,29 ; 6,06 ; 5,68 ; 6,24 ; 5,68 ; 6,28 ; 6,83 ; 6,34 ; 6,02 ; 6,27 ; 6,11 ; 6,57 ; 6,05 ; 6,25 ; 5,82 ; 5,92 ; 5,27 ; 4,88 ; 5,10 ; 4,10 ; 4,61 ; 3,84 ; 3,91 ; 3,88 ; 3,20 ; 3,19 ; 3,32 ; 3,33 ; 3,21 ; 3,12 ; 3,53 ; 3,53 ; 3,25 ; 3,05 
Agro-alimentaire;D0.2.1.2.2.4;;CITEPA;https://www.citepa.org/donnees-air-climat/donnees-gaz-a-effet-de-serre/secten/;France;G0.2.2.3;Mt CO2e;; 8,79 ; 10,77 ; 9,93 ; 10,31 ; 10,39 ; 11,08 ; 11,03 ; 10,85 ; 10,98 ; 11,66 ; 11,05 ; 11,53 ; 11,49 ; 11,20 ; 10,71 ; 11,44 ; 11,78 ; 11,87 ; 11,15 ; 10,39 ; 11,59 ; 11,05 ; 10,59 ; 10,82 ; 10,56 ; 10,23 ; 10,50 ; 9,83 ; 9,69 ; 9,56 ; 8,73 ; 8,97 ; 7,96 ; 7,15 
Métallurgie des métaux ferreux;D0.2.1.2.2.5;;CITEPA;https://www.citepa.org/donnees-air-climat/donnees-gaz-a-effet-de-serre/secten/;France;G0.2.2.3;Mt CO2e;; 25,54 ; 25,62 ; 24,03 ; 23,12 ; 22,99 ; 22,04 ; 21,55 ; 23,05 ; 23,38 ; 23,96 ; 25,27 ; 23,36 ; 24,63 ; 24,37 ; 24,47 ; 24,89 ; 25,83 ; 26,63 ; 24,17 ; 15,27 ; 19,35 ; 17,74 ; 17,11 ; 18,69 ; 18,30 ; 17,86 ; 17,33 ; 18,76 ; 18,37 ; 16,91 ; 12,78 ; 15,83 ; 14,17 ; 12,20 
Métallurgie des métaux non-ferreux;D0.2.1.2.2.6;;CITEPA;https://www.citepa.org/donnees-air-climat/donnees-gaz-a-effet-de-serre/secten/;France;G0.2.2.3;Mt CO2e;; 7,44 ; 8,10 ; 7,87 ; 6,33 ; 5,82 ; 5,72 ; 5,59 ; 5,60 ; 6,30 ; 6,85 ; 5,56 ; 5,03 ; 6,03 ; 5,33 ; 4,36 ; 3,65 ; 3,58 ; 3,29 ; 2,86 ; 2,23 ; 2,54 ; 2,43 ; 2,47 ; 2,35 ; 2,34 ; 2,35 ; 2,76 ; 2,59 ; 2,53 ; 2,40 ; 1,92 ; 2,17 ; 2,11 ; 2,06 
Minéraux non-métalliques, matériaux de construction;D0.2.1.2.2.7;;CITEPA;https://www.citepa.org/donnees-air-climat/donnees-gaz-a-effet-de-serre/secten/;France;G0.2.2.3;Mt CO2e;; 29,98 ; 32,45 ; 27,36 ; 25,21 ; 26,82 ; 26,19 ; 26,03 ; 24,93 ; 25,40 ; 26,00 ; 25,57 ; 26,58 ; 25,06 ; 24,86 ; 25,42 ; 25,28 ; 26,73 ; 26,81 ; 25,41 ; 22,33 ; 23,17 ; 22,98 ; 21,65 ; 21,16 ; 20,30 ; 19,05 ; 19,47 ; 18,69 ; 19,18 ; 19,34 ; 17,65 ; 19,53 ; 18,53 ; 17,25 
Papier, carton;D0.2.1.2.2.8;;CITEPA;https://www.citepa.org/donnees-air-climat/donnees-gaz-a-effet-de-serre/secten/;France;G0.2.2.3;Mt CO2e;; 4,55 ; 5,69 ; 5,11 ; 4,85 ; 5,16 ; 5,24 ; 5,54 ; 5,49 ; 5,54 ; 5,36 ; 5,33 ; 5,14 ; 4,63 ; 4,71 ; 4,34 ; 4,09 ; 4,03 ; 3,68 ; 3,26 ; 2,81 ; 3,00 ; 2,49 ; 2,53 ; 2,90 ; 2,75 ; 2,65 ; 2,75 ; 2,54 ; 2,48 ; 2,39 ; 2,25 ; 2,37 ; 2,20 ; 1,99 
Autres industries manufacturières;D0.2.1.2.2.9;;CITEPA;https://www.citepa.org/donnees-air-climat/donnees-gaz-a-effet-de-serre/secten/;France;G0.2.2.3;Mt CO2e;; 5,57 ; 6,26 ; 5,50 ; 5,96 ; 5,39 ; 6,02 ; 6,28 ; 5,92 ; 5,90 ; 5,55 ; 5,24 ; 5,67 ; 5,09 ; 4,83 ; 4,75 ; 4,52 ; 4,27 ; 4,12 ; 3,98 ; 3,30 ; 3,31 ; 3,15 ; 3,03 ; 3,08 ; 2,97 ; 2,97 ; 3,04 ; 3,23 ; 2,87 ; 2,72 ; 2,11 ; 2,34 ; 2,35 ; 2,02 
;;;;;;;;;;;;;;;;;;;;;;;;;;;;;;;;;;;;;;;;;;
Stockage des déchets;D0.2.1.2.3.1;;CITEPA;https://www.citepa.org/donnees-air-climat/donnees-gaz-a-effet-de-serre/secten/;France;G0.2.2.3;Mt CO2e;; 12,46 ; 13,11 ; 13,84 ; 14,58 ; 14,85 ; 15,06 ; 15,18 ; 15,35 ; 15,86 ; 16,10 ; 16,38 ; 16,66 ; 16,93 ; 17,07 ; 17,02 ; 16,80 ; 16,69 ; 16,72 ; 16,68 ; 16,00 ; 15,95 ; 14,89 ; 14,54 ; 12,90 ; 11,95 ; 11,19 ; 11,28 ; 11,39 ; 11,12 ; 11,72 ; 11,73 ; 11,03 ; 11,38 ; 11,38 
Incinération sans récupération d'énergie;D0.2.1.2.3.2;;CITEPA;https://www.citepa.org/donnees-air-climat/donnees-gaz-a-effet-de-serre/secten/;France;G0.2.2.3;Mt CO2e;; 2,06 ; 2,04 ; 2,07 ; 2,06 ; 2,09 ; 2,03 ; 1,90 ; 1,67 ; 1,52 ; 1,41 ; 1,48 ; 1,40 ; 1,39 ; 1,40 ; 1,32 ; 1,38 ; 1,44 ; 1,34 ; 1,36 ; 1,35 ; 1,42 ; 1,47 ; 1,39 ; 1,36 ; 1,59 ; 1,37 ; 1,35 ; 1,28 ; 1,23 ; 1,58 ; 1,56 ; 1,74 ; 1,51 ; 1,51 
Autres traitements des déchets solides;D0.2.1.2.3.3;;CITEPA;https://www.citepa.org/donnees-air-climat/donnees-gaz-a-effet-de-serre/secten/;France;G0.2.2.3;Mt CO2e;; 0,14 ; 0,14 ; 0,15 ; 0,15 ; 0,17 ; 0,19 ; 0,21 ; 0,22 ; 0,25 ; 0,34 ; 0,38 ; 0,40 ; 0,41 ; 0,45 ; 0,48 ; 0,51 ; 0,53 ; 0,54 ; 0,56 ; 0,58 ; 0,60 ; 0,72 ; 0,84 ; 0,88 ; 0,91 ; 0,93 ; 0,95 ; 0,98 ; 1,02 ; 0,97 ; 0,92 ; 0,92 ; 0,92 ; 0,92 
Traitement des eaux usées;D0.2.1.2.3.4;;CITEPA;https://www.citepa.org/donnees-air-climat/donnees-gaz-a-effet-de-serre/secten/;France;G0.2.2.3;Mt CO2e;; 0,83 ; 0,86 ; 0,85 ; 0,85 ; 0,85 ; 0,87 ; 0,87 ; 0,88 ; 0,89 ; 0,88 ; 0,88 ; 0,86 ; 0,84 ; 0,81 ; 0,78 ; 0,74 ; 0,73 ; 0,64 ; 0,64 ; 0,64 ; 0,64 ; 0,64 ; 0,61 ; 0,56 ; 0,56 ; 0,55 ; 0,57 ; 0,56 ; 0,60 ; 0,59 ; 0,58 ; 0,59 ; 0,59 ; 0,59 
;;;;;;;;;;;;;;;;;;;;;;;;;;;;;;;;;;;;;;;;;;
sous-total Usage des bâtiments résidentiels et activités domestiques;D0.2.1.2.4.1;;CITEPA;https://www.citepa.org/donnees-air-climat/donnees-gaz-a-effet-de-serre/secten/;France;G0.2.2.3;Mt CO2e;; 61,49 ; 69,21 ; 68,08 ; 66,20 ; 62,33 ; 62,21 ; 68,96 ; 65,00 ; 67,45 ; 68,30 ; 66,30 ; 70,27 ; 67,49 ; 69,01 ; 72,92 ; 72,09 ; 69,31 ; 61,73 ; 66,87 ; 66,55 ; 64,73 ; 56,48 ; 60,65 ; 62,26 ; 49,42 ; 51,91 ; 53,13 ; 52,10 ; 48,62 ; 46,84 ; 45,20 ; 46,22 ; 38,63 ; 36,37 
sous-total Usage des bâtiments tertiaires et activités tertiaires;D0.2.1.2.4.2;;CITEPA;https://www.citepa.org/donnees-air-climat/donnees-gaz-a-effet-de-serre/secten/;France;G0.2.2.3;Mt CO2e;; 31,39 ; 33,32 ; 30,62 ; 28,87 ; 26,24 ; 26,29 ; 29,50 ; 28,54 ; 30,81 ; 31,68 ; 30,22 ; 32,13 ; 30,70 ; 34,91 ; 35,90 ; 35,75 ; 33,97 ; 34,25 ; 36,27 ; 38,86 ; 39,62 ; 33,01 ; 34,70 ; 35,56 ; 32,12 ; 33,07 ; 31,61 ; 32,01 ; 31,40 ; 29,62 ; 26,89 ; 28,15 ; 23,12 ; 22,01 
;;;;;;;;;;;;;;;;;;;;;;;;;;;;;;;;;;;;;;;;;;
Chauffage, eau chaude sanitaire et cuisson domestique;D0.2.1.2.4.1.1;;CITEPA;https://www.citepa.org/donnees-air-climat/donnees-gaz-a-effet-de-serre/secten/;France;G0.2.2.3;Mt CO2e;; 59,18 ; 66,83 ; 65,65 ; 63,71 ; 59,73 ; 59,32 ; 65,62 ; 61,43 ; 63,73 ; 64,63 ; 62,44 ; 66,41 ; 63,64 ; 65,01 ; 68,76 ; 67,82 ; 64,90 ; 57,15 ; 62,26 ; 62,26 ; 60,25 ; 51,94 ; 56,18 ; 57,79 ; 44,83 ; 47,25 ; 48,36 ; 47,28 ; 43,95 ; 42,43 ; 40,87 ; 41,91 ; 34,31 ; 32,04 
Climatisation domestique;D0.2.1.2.4.1.2;;CITEPA;https://www.citepa.org/donnees-air-climat/donnees-gaz-a-effet-de-serre/secten/;France;G0.2.2.3;Mt CO2e;; -   ; -   ; -   ; -   ; -   ; -   ; -   ; -   ; -   ; -   ; 0,00 ; 0,00 ; 0,01 ; 0,04 ; 0,11 ; 0,16 ; 0,22 ; 0,29 ; 0,36 ; 0,42 ; 0,47 ; 0,53 ; 0,59 ; 0,68 ; 0,79 ; 0,88 ; 0,97 ; 1,04 ; 1,11 ; 1,14 ; 1,13 ; 1,11 ; 1,14 ; 1,15 
Réfrigération domestique;D0.2.1.2.4.1.3;;CITEPA;https://www.citepa.org/donnees-air-climat/donnees-gaz-a-effet-de-serre/secten/;France;G0.2.2.3;Mt CO2e;; -   ; -   ; -   ; -   ; 0,00 ; 0,00 ; 0,00 ; 0,00 ; 0,00 ; 0,00 ; 0,00 ; 0,00 ; 0,00 ; 0,00 ; 0,02 ; 0,06 ; 0,08 ; 0,08 ; 0,10 ; 0,11 ; 0,16 ; 0,15 ; 0,17 ; 0,16 ; 0,17 ; 0,15 ; 0,15 ; 0,10 ; 0,10 ; 0,09 ; 0,08 ; 0,07 ; 0,07 ; 0,06 
Utilisation de produits domestiques (y.c. peintures, aérosols);D0.2.1.2.4.1.4;;CITEPA;https://www.citepa.org/donnees-air-climat/donnees-gaz-a-effet-de-serre/secten/;France;G0.2.2.3;Mt CO2e;; 0,59 ; 0,60 ; 0,60 ; 0,59 ; 0,64 ; 0,86 ; 1,24 ; 1,41 ; 1,50 ; 1,44 ; 1,62 ; 1,61 ; 1,62 ; 1,75 ; 1,85 ; 1,87 ; 1,91 ; 2,00 ; 1,93 ; 1,51 ; 1,59 ; 1,60 ; 1,46 ; 1,38 ; 1,43 ; 1,44 ; 1,47 ; 1,48 ; 1,23 ; 0,93 ; 0,91 ; 0,89 ; 0,90 ; 0,89 
Engins (y.c. jardinage) domestiques;D0.2.1.2.4.1.5;;CITEPA;https://www.citepa.org/donnees-air-climat/donnees-gaz-a-effet-de-serre/secten/;France;G0.2.2.3;Mt CO2e;; 0,31 ; 0,31 ; 0,31 ; 0,31 ; 0,31 ; 0,31 ; 0,31 ; 0,31 ; 0,31 ; 0,31 ; 0,31 ; 0,31 ; 0,32 ; 0,32 ; 0,32 ; 0,32 ; 0,32 ; 0,32 ; 0,32 ; 0,32 ; 0,32 ; 0,32 ; 0,32 ; 0,32 ; 0,32 ; 0,32 ; 0,32 ; 0,32 ; 0,32 ; 0,32 ; 0,32 ; 0,32 ; 0,32 ; 0,34 
Déchets et brûlage domestiques et eaux usées;D0.2.1.2.4.1.6;;CITEPA;https://www.citepa.org/donnees-air-climat/donnees-gaz-a-effet-de-serre/secten/;France;G0.2.2.3;Mt CO2e;; 1,40 ; 1,47 ; 1,53 ; 1,59 ; 1,66 ; 1,72 ; 1,78 ; 1,85 ; 1,91 ; 1,92 ; 1,93 ; 1,93 ; 1,91 ; 1,88 ; 1,86 ; 1,87 ; 1,88 ; 1,88 ; 1,90 ; 1,93 ; 1,94 ; 1,93 ; 1,93 ; 1,92 ; 1,88 ; 1,86 ; 1,87 ; 1,88 ; 1,91 ; 1,93 ; 1,90 ; 1,91 ; 1,89 ; 1,89 
Autres activités domestiques (tabac et feux d’artifices);D0.2.1.2.4.1.7;;CITEPA;https://www.citepa.org/donnees-air-climat/donnees-gaz-a-effet-de-serre/secten/;France;G0.2.2.3;Mt CO2e;; -   ; -   ; -   ; -   ; -   ; -   ; -   ; -   ; -   ; -   ; -   ; -   ; -   ; -   ; -   ; -   ; -   ; -   ; -   ; -   ; -   ; -   ; -   ; -   ; -   ; -   ; -   ; -   ; -   ; -   ; -   ; -   ; -   ; -   
;;;;;;;;;;;;;;;;;;;;;;;;;;;;;;;;;;;;;;;;;;
Chauffage, eau chaude sanitaire et cuisson tertiaire;D0.2.1.2.4.2.1;;CITEPA;https://www.citepa.org/donnees-air-climat/donnees-gaz-a-effet-de-serre/secten/;France;G0.2.2.3;Mt CO2e;; 26,72 ; 29,01 ; 27,62 ; 26,33 ; 24,84 ; 25,10 ; 27,53 ; 25,85 ; 27,25 ; 27,84 ; 25,82 ; 26,89 ; 24,20 ; 27,46 ; 27,78 ; 27,21 ; 24,72 ; 24,47 ; 25,89 ; 28,21 ; 28,51 ; 21,22 ; 23,26 ; 24,30 ; 21,17 ; 22,44 ; 22,01 ; 22,87 ; 22,94 ; 22,30 ; 20,55 ; 21,84 ; 17,38 ; 16,19 
Climatisation tertiaire;D0.2.1.2.4.2.2;;CITEPA;https://www.citepa.org/donnees-air-climat/donnees-gaz-a-effet-de-serre/secten/;France;G0.2.2.3;Mt CO2e;; -   ; -   ; 0,00 ; 0,00 ; 0,00 ; 0,01 ; 0,01 ; 0,02 ; 0,02 ; 0,04 ; 0,06 ; 0,09 ; 0,14 ; 0,19 ; 0,27 ; 0,34 ; 0,45 ; 0,57 ; 0,69 ; 0,79 ; 0,86 ; 0,91 ; 0,97 ; 1,02 ; 1,09 ; 1,14 ; 1,22 ; 1,30 ; 1,37 ; 1,40 ; 1,38 ; 1,35 ; 1,33 ; 1,33 
Réfrigération tertiaire;D0.2.1.2.4.2.3;;CITEPA;https://www.citepa.org/donnees-air-climat/donnees-gaz-a-effet-de-serre/secten/;France;G0.2.2.3;Mt CO2e;; -   ; -   ; -   ; 0,01 ; 0,02 ; 0,13 ; 0,25 ; 0,38 ; 0,61 ; 0,91 ; 1,53 ; 2,21 ; 2,86 ; 3,51 ; 4,16 ; 4,76 ; 5,35 ; 5,89 ; 6,34 ; 6,83 ; 7,18 ; 7,38 ; 7,42 ; 7,27 ; 7,02 ; 6,73 ; 6,31 ; 5,80 ; 5,10 ; 4,18 ; 3,38 ; 2,75 ; 2,17 ; 1,95 
Utilisation de produits tertiaires (y.c. solvants, peintures, aérosols, anesthésie);D0.2.1.2.4.2.4;;CITEPA;https://www.citepa.org/donnees-air-climat/donnees-gaz-a-effet-de-serre/secten/;France;G0.2.2.3;Mt CO2e;; 0,16 ; 0,15 ; 0,15 ; 0,15 ; 0,27 ; 0,44 ; 0,71 ; 0,85 ; 0,85 ; 0,86 ; 0,83 ; 0,81 ; 0,80 ; 0,84 ; 0,78 ; 0,78 ; 0,78 ; 0,78 ; 0,79 ; 0,76 ; 0,78 ; 0,82 ; 0,75 ; 0,71 ; 0,71 ; 0,71 ; 0,70 ; 0,71 ; 0,50 ; 0,27 ; 0,25 ; 0,26 ; 0,26 ; 0,25 
Autres activités tertiaires (y.c. feux d’artifices, activités militaires, crémation);D0.2.1.2.4.2.5;;CITEPA;https://www.citepa.org/donnees-air-climat/donnees-gaz-a-effet-de-serre/secten/;France;G0.2.2.3;Mt CO2e;; 4,51 ; 4,16 ; 2,84 ; 2,37 ; 1,10 ; 0,61 ; 1,00 ; 1,45 ; 2,08 ; 2,03 ; 1,98 ; 2,12 ; 2,70 ; 2,91 ; 2,91 ; 2,65 ; 2,68 ; 2,55 ; 2,56 ; 2,28 ; 2,28 ; 2,68 ; 2,31 ; 2,25 ; 2,14 ; 2,06 ; 1,36 ; 1,34 ; 1,48 ; 1,48 ; 1,33 ; 1,95 ; 1,98 ; 2,30 
;;;;;;;;;;;;;;;;;;;;;;;;;;;;;;;;;;;;;;;;;;
sous-total Elevage;D0.2.1.2.5.1;;CITEPA;https://www.citepa.org/donnees-air-climat/donnees-gaz-a-effet-de-serre/secten/;France;G0.2.2.3;Mt CO2e;; 53,45 ; 52,60 ; 51,90 ; 51,61 ; 51,91 ; 52,23 ; 52,31 ; 51,86 ; 51,68 ; 51,70 ; 53,60 ; 53,73 ; 52,58 ; 51,04 ; 50,41 ; 50,25 ; 50,30 ; 50,70 ; 51,48 ; 50,91 ; 50,30 ; 49,46 ; 48,90 ; 48,87 ; 49,45 ; 49,61 ; 49,33 ; 48,77 ; 48,04 ; 47,18 ; 46,45 ; 45,38 ; 44,03 ; 43,33 
sous-total  Culture;D0.2.1.2.5.2;;CITEPA;https://www.citepa.org/donnees-air-climat/donnees-gaz-a-effet-de-serre/secten/;France;G0.2.2.3;Mt CO2e;; 24,69 ; 24,65 ; 24,69 ; 23,80 ; 22,86 ; 23,16 ; 23,67 ; 24,24 ; 24,36 ; 24,67 ; 25,03 ; 24,62 ; 24,29 ; 22,68 ; 23,86 ; 23,60 ; 23,01 ; 23,13 ; 23,87 ; 23,42 ; 21,96 ; 22,52 ; 22,92 ; 22,16 ; 23,17 ; 22,73 ; 22,29 ; 22,88 ; 22,61 ; 21,75 ; 21,01 ; 20,69 ; 19,65 ; 19,49 
sous-total  Engins, moteurs et chaudières;D0.2.1.2.5.3;;CITEPA;https://www.citepa.org/donnees-air-climat/donnees-gaz-a-effet-de-serre/secten/;France;G0.2.2.3;Mt CO2e;; 10,58 ; 10,58 ; 10,88 ; 10,98 ; 10,81 ; 10,91 ; 11,22 ; 11,16 ; 11,40 ; 11,43 ; 11,57 ; 11,62 ; 11,25 ; 11,09 ; 11,76 ; 11,45 ; 11,16 ; 11,00 ; 11,37 ; 11,44 ; 11,06 ; 10,91 ; 10,32 ; 11,02 ; 10,99 ; 10,89 ; 10,16 ; 9,75 ; 9,87 ; 9,65 ; 10,76 ; 10,33 ; 10,52 ; 10,20 
;;;;;;;;;;;;;;;;;;;;;;;;;;;;;;;;;;;;;;;;;;
Bovins;D0.2.1.2.5.1.1;;CITEPA;https://www.citepa.org/donnees-air-climat/donnees-gaz-a-effet-de-serre/secten/;France;G0.2.2.3;Mt CO2e;; 44,63 ; 43,89 ; 43,21 ; 42,82 ; 42,98 ; 43,23 ; 43,19 ; 42,72 ; 42,49 ; 42,54 ; 44,40 ; 44,50 ; 43,34 ; 41,88 ; 41,33 ; 41,21 ; 41,39 ; 41,87 ; 42,76 ; 42,27 ; 41,73 ; 41,10 ; 40,72 ; 40,85 ; 41,46 ; 41,66 ; 41,41 ; 40,93 ; 40,16 ; 39,43 ; 38,73 ; 37,72 ; 36,79 ; 36,39 
Porcins;D0.2.1.2.5.1.2;;CITEPA;https://www.citepa.org/donnees-air-climat/donnees-gaz-a-effet-de-serre/secten/;France;G0.2.2.3;Mt CO2e;; 2,32 ; 2,33 ; 2,44 ; 2,59 ; 2,71 ; 2,76 ; 2,88 ; 2,96 ; 3,05 ; 3,09 ; 3,13 ; 3,24 ; 3,31 ; 3,29 ; 3,28 ; 3,27 ; 3,25 ; 3,27 ; 3,27 ; 3,22 ; 3,14 ; 3,08 ; 3,01 ; 2,96 ; 2,95 ; 2,96 ; 2,99 ; 2,94 ; 2,95 ; 2,89 ; 2,85 ; 2,83 ; 2,62 ; 2,53 
Volailles;D0.2.1.2.5.1.3;;CITEPA;https://www.citepa.org/donnees-air-climat/donnees-gaz-a-effet-de-serre/secten/;France;G0.2.2.3;Mt CO2e;; 0,22 ; 0,23 ; 0,24 ; 0,24 ; 0,25 ; 0,25 ; 0,26 ; 0,27 ; 0,27 ; 0,26 ; 0,26 ; 0,26 ; 0,26 ; 0,25 ; 0,24 ; 0,23 ; 0,23 ; 0,23 ; 0,23 ; 0,23 ; 0,23 ; 0,23 ; 0,24 ; 0,24 ; 0,25 ; 0,25 ; 0,25 ; 0,25 ; 0,24 ; 0,24 ; 0,24 ; 0,24 ; 0,22 ; 0,22 
Autres émissions de l'élevage;D0.2.1.2.5.1.4;;CITEPA;https://www.citepa.org/donnees-air-climat/donnees-gaz-a-effet-de-serre/secten/;France;G0.2.2.3;Mt CO2e;; 6,28 ; 6,16 ; 6,02 ; 5,97 ; 5,97 ; 5,99 ; 5,98 ; 5,92 ; 5,87 ; 5,81 ; 5,81 ; 5,72 ; 5,67 ; 5,62 ; 5,56 ; 5,53 ; 5,43 ; 5,33 ; 5,22 ; 5,19 ; 5,20 ; 5,05 ; 4,93 ; 4,82 ; 4,79 ; 4,74 ; 4,69 ; 4,64 ; 4,69 ; 4,63 ; 4,63 ; 4,60 ; 4,40 ; 4,19 
;;;;;;;;;;;;;;;;;;;;;;;;;;;;;;;;;;;;;;;;;;
Engrais et amendements minéraux;D0.2.1.2.5.2.1;;CITEPA;https://www.citepa.org/donnees-air-climat/donnees-gaz-a-effet-de-serre/secten/;France;G0.2.2.3;Mt CO2e;; 13,34 ; 13,08 ; 12,76 ; 12,16 ; 11,39 ; 11,85 ; 12,23 ; 12,59 ; 12,51 ; 12,64 ; 12,78 ; 12,71 ; 12,36 ; 12,01 ; 12,06 ; 12,29 ; 11,72 ; 11,33 ; 11,95 ; 11,87 ; 10,96 ; 11,63 ; 11,54 ; 11,01 ; 11,44 ; 11,56 ; 11,63 ; 11,70 ; 11,89 ; 11,23 ; 10,82 ; 10,42 ; 9,78 ; 9,70 
Engrais et amendements organiques;D0.2.1.2.5.2.2;;CITEPA;https://www.citepa.org/donnees-air-climat/donnees-gaz-a-effet-de-serre/secten/;France;G0.2.2.3;Mt CO2e;; 1,50 ; 1,48 ; 1,47 ; 1,48 ; 1,49 ; 1,51 ; 1,52 ; 1,51 ; 1,51 ; 1,50 ; 1,53 ; 1,52 ; 1,50 ; 1,46 ; 1,44 ; 1,43 ; 1,42 ; 1,43 ; 1,46 ; 1,43 ; 1,43 ; 1,41 ; 1,41 ; 1,40 ; 1,42 ; 1,44 ; 1,42 ; 1,42 ; 1,42 ; 1,40 ; 1,39 ; 1,40 ; 1,38 ; 1,36 
Pâture;D0.2.1.2.5.2.3;;CITEPA;https://www.citepa.org/donnees-air-climat/donnees-gaz-a-effet-de-serre/secten/;France;G0.2.2.3;Mt CO2e;; 1,78 ; 1,76 ; 1,76 ; 1,75 ; 1,75 ; 1,77 ; 1,77 ; 1,76 ; 1,75 ; 1,75 ; 1,81 ; 1,82 ; 1,77 ; 1,72 ; 1,68 ; 1,67 ; 1,67 ; 1,68 ; 1,68 ; 1,67 ; 1,66 ; 1,62 ; 1,61 ; 1,63 ; 1,65 ; 1,66 ; 1,66 ; 1,64 ; 1,61 ; 1,58 ; 1,55 ; 1,51 ; 1,48 ; 1,46 
Brûlage de résidus agricoles;D0.2.1.2.5.2.4;;CITEPA;https://www.citepa.org/donnees-air-climat/donnees-gaz-a-effet-de-serre/secten/;France;G0.2.2.3;Mt CO2e;; 0,10 ; 0,10 ; 0,10 ; 0,09 ; 0,10 ; 0,09 ; 0,10 ; 0,10 ; 0,10 ; 0,10 ; 0,10 ; 0,09 ; 0,09 ; 0,07 ; 0,08 ; 0,07 ; 0,06 ; 0,06 ; 0,06 ; 0,06 ; 0,06 ; 0,06 ; 0,05 ; 0,05 ; 0,04 ; 0,04 ; 0,03 ; 0,04 ; 0,03 ; 0,04 ; 0,03 ; 0,03 ; 0,03 ; 0,03 
Autres émissions des cultures;D0.2.1.2.5.2.5;;CITEPA;https://www.citepa.org/donnees-air-climat/donnees-gaz-a-effet-de-serre/secten/;France;G0.2.2.3;Mt CO2e;; 7,98 ; 8,22 ; 8,60 ; 8,32 ; 8,13 ; 7,95 ; 8,05 ; 8,28 ; 8,48 ; 8,67 ; 8,80 ; 8,47 ; 8,57 ; 7,42 ; 8,61 ; 8,15 ; 8,13 ; 8,62 ; 8,73 ; 8,38 ; 7,86 ; 7,81 ; 8,31 ; 8,08 ; 8,62 ; 8,02 ; 7,54 ; 8,08 ; 7,65 ; 7,50 ; 7,22 ; 7,33 ; 6,98 ; 6,94 
;;;;;;;;;;;;;;;;;;;;;;;;;;;;;;;;;;;;;;;;;;
Engins, moteurs et chaudières en agriculture;D0.2.1.2.5.3.1;;CITEPA;https://www.citepa.org/donnees-air-climat/donnees-gaz-a-effet-de-serre/secten/;France;G0.2.2.3;Mt CO2e;; 10,13 ; 10,12 ; 10,41 ; 10,51 ; 10,33 ; 10,43 ; 10,73 ; 10,66 ; 10,90 ; 10,92 ; 11,05 ; 11,11 ; 10,73 ; 10,57 ; 11,20 ; 10,91 ; 10,63 ; 10,47 ; 10,83 ; 10,89 ; 10,52 ; 10,37 ; 9,83 ; 10,49 ; 10,46 ; 10,35 ; 9,66 ; 9,27 ; 9,39 ; 9,19 ; 10,23 ; 9,83 ; 10,01 ; 9,69 
Engins, moteurs et chaudières en sylviculture;D0.2.1.2.5.3.2;;CITEPA;https://www.citepa.org/donnees-air-climat/donnees-gaz-a-effet-de-serre/secten/;France;G0.2.2.3;Mt CO2e;; 0,45 ; 0,46 ; 0,47 ; 0,47 ; 0,48 ; 0,48 ; 0,49 ; 0,50 ; 0,50 ; 0,51 ; 0,52 ; 0,52 ; 0,52 ; 0,52 ; 0,55 ; 0,54 ; 0,53 ; 0,53 ; 0,55 ; 0,56 ; 0,54 ; 0,53 ; 0,49 ; 0,53 ; 0,54 ; 0,54 ; 0,50 ; 0,48 ; 0,48 ; 0,47 ; 0,53 ; 0,50 ; 0,51 ; 0,51 
;;;;;;;;;;;;;;;;;;;;;;;;;;;;;;;;;;;;;;;;;;
sous-total Transport routier;D0.2.1.2.6.1;;CITEPA;https://www.citepa.org/donnees-air-climat/donnees-gaz-a-effet-de-serre/secten/;France;G0.2.2.3;Mt CO2e;; 116,08 ; 118,57 ; 123,17 ; 123,34 ; 124,20 ; 125,56 ; 126,80 ; 129,31 ; 131,49 ; 133,69 ; 133,38 ; 136,82 ; 137,89 ; 138,01 ; 138,58 ; 136,45 ; 136,66 ; 135,55 ; 129,07 ; 128,70 ; 129,75 ; 130,79 ; 129,08 ; 128,86 ; 128,72 ; 130,13 ; 130,31 ; 130,10 ; 126,97 ; 125,89 ; 106,99 ; 120,13 ; 123,33 ; 119,18 
sous-total Autres transports;D0.2.1.2.6.2;;CITEPA;https://www.citepa.org/donnees-air-climat/donnees-gaz-a-effet-de-serre/secten/;France;G0.2.2.3;Mt CO2e;; 7,26 ; 7,52 ; 7,30 ; 7,41 ; 7,44 ; 7,96 ; 8,44 ; 8,63 ; 8,89 ; 9,23 ; 9,30 ; 9,13 ; 9,05 ; 8,63 ; 8,58 ; 8,31 ; 7,95 ; 7,81 ; 7,77 ; 7,75 ; 7,67 ; 7,85 ; 8,02 ; 7,82 ; 7,55 ; 7,59 ; 7,60 ; 7,91 ; 8,07 ; 8,18 ; 6,19 ; 7,09 ; 7,88 ; 7,63 
;;;;;;;;;;;;;;;;;;;;;;;;;;;;;;;;;;;;;;;;;;
VP;D0.2.1.2.6.1.1;;CITEPA;https://www.citepa.org/donnees-air-climat/donnees-gaz-a-effet-de-serre/secten/;France;G0.2.2.3;Mt CO2e;; 68,07 ; 68,67 ; 71,43 ; 71,53 ; 71,55 ; 72,87 ; 73,53 ; 74,10 ; 75,40 ; 76,32 ; 76,38 ; 79,03 ; 79,70 ; 80,20 ; 79,74 ; 78,07 ; 77,97 ; 77,49 ; 74,25 ; 75,41 ; 75,40 ; 75,13 ; 74,71 ; 74,50 ; 74,91 ; 75,23 ; 75,87 ; 74,59 ; 72,36 ; 71,76 ; 58,46 ; 65,71 ; 69,06 ; 67,53 
VUL;D0.2.1.2.6.1.2;;CITEPA;https://www.citepa.org/donnees-air-climat/donnees-gaz-a-effet-de-serre/secten/;France;G0.2.2.3;Mt CO2e;; 18,77 ; 19,66 ; 20,26 ; 20,56 ; 20,70 ; 20,54 ; 20,89 ; 21,61 ; 21,95 ; 22,10 ; 21,44 ; 21,91 ; 22,03 ; 22,10 ; 21,82 ; 21,53 ; 21,67 ; 21,32 ; 20,03 ; 19,88 ; 20,47 ; 20,88 ; 20,56 ; 20,69 ; 20,27 ; 20,86 ; 20,45 ; 20,80 ; 20,45 ; 20,37 ; 17,67 ; 19,99 ; 20,35 ; 19,52 
PL de marchandises;D0.2.1.2.6.1.3;;CITEPA;https://www.citepa.org/donnees-air-climat/donnees-gaz-a-effet-de-serre/secten/;France;G0.2.2.3;Mt CO2e;; 26,59 ; 27,44 ; 28,62 ; 28,11 ; 28,92 ; 29,25 ; 29,43 ; 30,43 ; 30,80 ; 32,00 ; 32,15 ; 32,42 ; 32,63 ; 32,16 ; 33,38 ; 33,15 ; 33,30 ; 32,98 ; 30,98 ; 29,55 ; 29,96 ; 30,74 ; 29,77 ; 29,57 ; 29,43 ; 29,85 ; 29,79 ; 30,54 ; 29,97 ; 29,54 ; 27,45 ; 30,48 ; 29,66 ; 27,88 
Bus et cars;D0.2.1.2.6.1.4;;CITEPA;https://www.citepa.org/donnees-air-climat/donnees-gaz-a-effet-de-serre/secten/;France;G0.2.2.3;Mt CO2e;; 1,99 ; 2,13 ; 2,17 ; 2,27 ; 2,26 ; 2,21 ; 2,25 ; 2,31 ; 2,32 ; 2,22 ; 2,27 ; 2,25 ; 2,23 ; 2,28 ; 2,32 ; 2,36 ; 2,41 ; 2,46 ; 2,50 ; 2,50 ; 2,56 ; 2,67 ; 2,68 ; 2,75 ; 2,76 ; 2,83 ; 2,85 ; 2,81 ; 2,82 ; 2,85 ; 2,25 ; 2,76 ; 2,92 ; 2,86 
Deux roues;D0.2.1.2.6.1.5;;CITEPA;https://www.citepa.org/donnees-air-climat/donnees-gaz-a-effet-de-serre/secten/;France;G0.2.2.3;Mt CO2e;; 0,66 ; 0,66 ; 0,69 ; 0,87 ; 0,77 ; 0,69 ; 0,70 ; 0,84 ; 1,03 ; 1,06 ; 1,13 ; 1,21 ; 1,30 ; 1,27 ; 1,33 ; 1,33 ; 1,30 ; 1,30 ; 1,32 ; 1,37 ; 1,35 ; 1,37 ; 1,36 ; 1,36 ; 1,36 ; 1,36 ; 1,36 ; 1,36 ; 1,37 ; 1,37 ; 1,17 ; 1,19 ; 1,33 ; 1,38 
;;;;;;;;;;;;;;;;;;;;;;;;;;;;;;;;;;;;;;;;;;
VP diesel;D0.2.1.2.6.1.1.1;;CITEPA;https://www.citepa.org/donnees-air-climat/donnees-gaz-a-effet-de-serre/secten/;France;G0.2.2.3;Mt CO2e;; 15,06 ; 16,83 ; 18,76 ; 20,60 ; 22,57 ; 25,31 ; 27,29 ; 28,77 ; 31,02 ; 32,82 ; 34,45 ; 38,12 ; 40,40 ; 43,10 ; 44,57 ; 45,53 ; 48,08 ; 49,93 ; 49,74 ; 51,85 ; 53,49 ; 54,60 ; 56,11 ; 56,63 ; 56,84 ; 57,25 ; 56,78 ; 55,37 ; 52,26 ; 50,09 ; 39,74 ; 43,02 ; 44,44 ; 41,83 
VP essence;D0.2.1.2.6.1.1.2;;CITEPA;https://www.citepa.org/donnees-air-climat/donnees-gaz-a-effet-de-serre/secten/;France;G0.2.2.3;Mt CO2e;; 52,96 ; 51,80 ; 52,64 ; 50,90 ; 48,96 ; 47,54 ; 46,20 ; 45,26 ; 44,27 ; 43,35 ; 41,58 ; 40,72 ; 39,13 ; 36,99 ; 35,06 ; 32,40 ; 29,75 ; 27,45 ; 24,41 ; 23,47 ; 21,82 ; 20,37 ; 18,46 ; 17,73 ; 17,98 ; 17,90 ; 19,02 ; 19,16 ; 20,06 ; 21,63 ; 18,70 ; 22,65 ; 24,55 ; 25,61 
VP GPL;D0.2.1.2.6.1.1.3;;CITEPA;https://www.citepa.org/donnees-air-climat/donnees-gaz-a-effet-de-serre/secten/;France;G0.2.2.3;Mt CO2e;; 0,05 ; 0,04 ; 0,03 ; 0,03 ; 0,02 ; 0,02 ; 0,03 ; 0,07 ; 0,12 ; 0,16 ; 0,35 ; 0,19 ; 0,17 ; 0,12 ; 0,11 ; 0,14 ; 0,13 ; 0,11 ; 0,09 ; 0,08 ; 0,10 ; 0,14 ; 0,13 ; 0,12 ; 0,08 ; 0,07 ; 0,06 ; 0,05 ; 0,05 ; 0,04 ; 0,02 ; 0,04 ; 0,07 ; 0,08 
VP GNV;D0.2.1.2.6.1.1.4;;CITEPA;https://www.citepa.org/donnees-air-climat/donnees-gaz-a-effet-de-serre/secten/;France;G0.2.2.3;Mt CO2e;; 0,00 ; 0,00 ; 0,00 ; 0,00 ; 0,00 ; 0,00 ; 0,00 ; 0,00 ; 0,00 ; 0,00 ; 0,00 ; 0,00 ; 0,00 ; 0,00 ; 0,00 ; 0,00 ; 0,01 ; 0,00 ; 0,00 ; 0,00 ; 0,00 ; 0,01 ; 0,02 ; 0,02 ; 0,01 ; 0,01 ; 0,01 ; 0,00 ; 0,00 ; 0,00 ; 0,00 ; 0,00 ; 0,00 ; 0,00 
VP électriques;D0.2.1.2.6.1.1.5;;CITEPA;https://www.citepa.org/donnees-air-climat/donnees-gaz-a-effet-de-serre/secten/;France;G0.2.2.3;Mt CO2e;; -   ; -   ; -   ; -   ; -   ; -   ; -   ; -   ; -   ; -   ; -   ; -   ; -   ; -   ; -   ; -   ; -   ; -   ; -   ; -   ; -   ; -   ; -   ; -   ; -   ; -   ; -   ; -   ; -   ; -   ; -   ; -   ; -   ; -   
;;;;;;;;;;;;;;;;;;;;;;;;;;;;;;;;;;;;;;;;;;
VUL diesel;D0.2.1.2.6.1.2.1;;CITEPA;https://www.citepa.org/donnees-air-climat/donnees-gaz-a-effet-de-serre/secten/;France;G0.2.2.3;Mt CO2e;; 11,36 ; 12,60 ; 13,82 ; 14,93 ; 15,43 ; 15,99 ; 16,48 ; 17,21 ; 17,49 ; 17,62 ; 17,64 ; 18,05 ; 18,36 ; 18,58 ; 18,32 ; 18,19 ; 17,94 ; 17,44 ; 16,67 ; 16,77 ; 17,39 ; 17,83 ; 17,38 ; 17,55 ; 17,53 ; 17,85 ; 18,11 ; 18,05 ; 17,94 ; 17,78 ; 15,72 ; 17,63 ; 17,44 ; 16,45 
VUL essence;D0.2.1.2.6.1.2.2;;CITEPA;https://www.citepa.org/donnees-air-climat/donnees-gaz-a-effet-de-serre/secten/;France;G0.2.2.3;Mt CO2e;; 7,31 ; 6,96 ; 6,36 ; 5,55 ; 5,19 ; 4,49 ; 4,30 ; 4,20 ; 4,10 ; 3,99 ; 3,48 ; 3,39 ; 3,25 ; 3,10 ; 3,12 ; 3,03 ; 3,44 ; 3,60 ; 3,08 ; 2,86 ; 2,80 ; 2,75 ; 2,91 ; 2,89 ; 2,49 ; 2,79 ; 2,15 ; 2,59 ; 2,36 ; 2,45 ; 1,84 ; 2,23 ; 2,71 ; 2,83 
VUL GPL;D0.2.1.2.6.1.2.3;;CITEPA;https://www.citepa.org/donnees-air-climat/donnees-gaz-a-effet-de-serre/secten/;France;G0.2.2.3;Mt CO2e;; 0,10 ; 0,10 ; 0,09 ; 0,08 ; 0,07 ; 0,06 ; 0,10 ; 0,20 ; 0,36 ; 0,48 ; 0,33 ; 0,47 ; 0,41 ; 0,40 ; 0,37 ; 0,30 ; 0,28 ; 0,27 ; 0,26 ; 0,24 ; 0,27 ; 0,27 ; 0,24 ; 0,21 ; 0,21 ; 0,19 ; 0,17 ; 0,15 ; 0,14 ; 0,13 ; 0,09 ; 0,12 ; 0,19 ; 0,23 
VUL GNV;D0.2.1.2.6.1.2.4;;CITEPA;https://www.citepa.org/donnees-air-climat/donnees-gaz-a-effet-de-serre/secten/;France;G0.2.2.3;Mt CO2e;; 0,00 ; 0,00 ; 0,00 ; 0,00 ; 0,00 ; 0,00 ; 0,00 ; 0,00 ; 0,00 ; 0,00 ; 0,00 ; 0,00 ; 0,01 ; 0,01 ; 0,01 ; 0,01 ; 0,01 ; 0,01 ; 0,02 ; 0,02 ; 0,02 ; 0,03 ; 0,03 ; 0,03 ; 0,03 ; 0,03 ; 0,02 ; 0,01 ; 0,01 ; 0,01 ; 0,01 ; 0,01 ; 0,01 ; 0,01 
VUL électriques;D0.2.1.2.6.1.2.5;;CITEPA;https://www.citepa.org/donnees-air-climat/donnees-gaz-a-effet-de-serre/secten/;France;G0.2.2.3;Mt CO2e;; -   ; -   ; -   ; -   ; -   ; -   ; -   ; -   ; -   ; -   ; -   ; -   ; -   ; -   ; -   ; -   ; -   ; -   ; -   ; -   ; -   ; -   ; -   ; -   ; -   ; -   ; -   ; -   ; -   ; -   ; -   ; -   ; -   ; -   
;;;;;;;;;;;;;;;;;;;;;;;;;;;;;;;;;;;;;;;;;;
PL de marchandises diesel;D0.2.1.2.6.1.3.1;;CITEPA;https://www.citepa.org/donnees-air-climat/donnees-gaz-a-effet-de-serre/secten/;France;G0.2.2.3;Mt CO2e;; 26,59 ; 27,44 ; 28,62 ; 28,11 ; 28,92 ; 29,25 ; 29,43 ; 30,43 ; 30,80 ; 32,00 ; 32,15 ; 32,42 ; 32,63 ; 32,16 ; 33,38 ; 33,15 ; 33,30 ; 32,98 ; 30,98 ; 29,55 ; 29,96 ; 30,74 ; 29,77 ; 29,57 ; 29,43 ; 29,85 ; 29,79 ; 30,54 ; 29,97 ; 29,54 ; 27,45 ; 30,48 ; 29,66 ; 27,88 
PL de marchandises essence;D0.2.1.2.6.1.3.2;;CITEPA;https://www.citepa.org/donnees-air-climat/donnees-gaz-a-effet-de-serre/secten/;France;G0.2.2.3;Mt CO2e;; -   ; -   ; -   ; -   ; -   ; -   ; -   ; -   ; -   ; -   ; -   ; -   ; -   ; -   ; -   ; -   ; -   ; -   ; -   ; -   ; -   ; -   ; -   ; -   ; -   ; -   ; -   ; -   ; -   ; -   ; -   ; -   ; -   ; -   
PL de marchandises GNV;D0.2.1.2.6.1.3.3;;CITEPA;https://www.citepa.org/donnees-air-climat/donnees-gaz-a-effet-de-serre/secten/;France;G0.2.2.3;Mt CO2e;; -   ; -   ; -   ; -   ; -   ; -   ; -   ; -   ; -   ; -   ; -   ; -   ; -   ; -   ; -   ; -   ; -   ; -   ; -   ; -   ; -   ; -   ; -   ; -   ; -   ; -   ; -   ; -   ; -   ; -   ; -   ; -   ; -   ; -   
PL de marchandises électriques;D0.2.1.2.6.1.3.4;;CITEPA;https://www.citepa.org/donnees-air-climat/donnees-gaz-a-effet-de-serre/secten/;France;G0.2.2.3;Mt CO2e;; -   ; -   ; -   ; -   ; -   ; -   ; -   ; -   ; -   ; -   ; -   ; -   ; -   ; -   ; -   ; -   ; -   ; -   ; -   ; -   ; -   ; -   ; -   ; -   ; -   ; -   ; -   ; -   ; -   ; -   ; -   ; -   ; -   ; -   
;;;;;;;;;;;;;;;;;;;;;;;;;;;;;;;;;;;;;;;;;;
Bus et cars diesel;D0.2.1.2.6.1.4.1;;CITEPA;https://www.citepa.org/donnees-air-climat/donnees-gaz-a-effet-de-serre/secten/;France;G0.2.2.3;Mt CO2e;; 1,98 ; 2,13 ; 2,17 ; 2,26 ; 2,25 ; 2,20 ; 2,25 ; 2,30 ; 2,31 ; 2,21 ; 2,26 ; 2,22 ; 2,21 ; 2,25 ; 2,28 ; 2,33 ; 2,36 ; 2,41 ; 2,43 ; 2,43 ; 2,49 ; 2,51 ; 2,50 ; 2,55 ; 2,54 ; 2,58 ; 2,58 ; 2,51 ; 2,46 ; 2,41 ; 1,72 ; 2,04 ; 2,10 ; 2,05 
Bus et cars essence;D0.2.1.2.6.1.4.2;;CITEPA;https://www.citepa.org/donnees-air-climat/donnees-gaz-a-effet-de-serre/secten/;France;G0.2.2.3;Mt CO2e;; 0,01 ; 0,01 ; 0,01 ; 0,01 ; 0,01 ; 0,01 ; 0,01 ; 0,01 ; 0,01 ; 0,01 ; 0,01 ; 0,01 ; 0,01 ; 0,01 ; 0,01 ; 0,00 ; 0,00 ; 0,00 ; 0,00 ; 0,00 ; 0,00 ; 0,00 ; 0,00 ; 0,00 ; 0,00 ; 0,00 ; 0,00 ; 0,00 ; 0,00 ; 0,00 ; 0,00 ; 0,00 ; 0,00 ; 0,00 
Bus et cars GNV;D0.2.1.2.6.1.4.3;;CITEPA;https://www.citepa.org/donnees-air-climat/donnees-gaz-a-effet-de-serre/secten/;France;G0.2.2.3;Mt CO2e;; 0,00 ; 0,00 ; 0,00 ; 0,00 ; 0,00 ; 0,00 ; 0,00 ; 0,00 ; 0,00 ; 0,00 ; 0,00 ; 0,02 ; 0,02 ; 0,03 ; 0,03 ; 0,03 ; 0,05 ; 0,06 ; 0,07 ; 0,07 ; 0,07 ; 0,16 ; 0,18 ; 0,20 ; 0,23 ; 0,24 ; 0,27 ; 0,30 ; 0,35 ; 0,43 ; 0,53 ; 0,72 ; 0,82 ; 0,82 
Bus et cars électriques;D0.2.1.2.6.1.4.4;;CITEPA;https://www.citepa.org/donnees-air-climat/donnees-gaz-a-effet-de-serre/secten/;France;G0.2.2.3;Mt CO2e;; -   ; -   ; -   ; -   ; -   ; -   ; -   ; -   ; -   ; -   ; -   ; -   ; -   ; -   ; -   ; -   ; -   ; -   ; -   ; -   ; -   ; -   ; -   ; -   ; -   ; -   ; -   ; -   ; -   ; -   ; -   ; -   ; -   ; -   
;;;;;;;;;;;;;;;;;;;;;;;;;;;;;;;;;;;;;;;;;;
Deux roues essence;D0.2.1.2.6.1.5.1;;CITEPA;https://www.citepa.org/donnees-air-climat/donnees-gaz-a-effet-de-serre/secten/;France;G0.2.2.3;Mt CO2e;; 0,66 ; 0,66 ; 0,68 ; 0,85 ; 0,75 ; 0,66 ; 0,66 ; 0,79 ; 0,97 ; 0,99 ; 1,07 ; 1,14 ; 1,23 ; 1,21 ; 1,27 ; 1,27 ; 1,24 ; 1,24 ; 1,26 ; 1,31 ; 1,28 ; 1,30 ; 1,28 ; 1,28 ; 1,28 ; 1,29 ; 1,29 ; 1,29 ; 1,29 ; 1,29 ; 1,08 ; 1,10 ; 1,23 ; 1,29 
Deux roues diesel;D0.2.1.2.6.1.5.2;;CITEPA;https://www.citepa.org/donnees-air-climat/donnees-gaz-a-effet-de-serre/secten/;France;G0.2.2.3;Mt CO2e;; -   ; -   ; 0,01 ; 0,02 ; 0,03 ; 0,03 ; 0,04 ; 0,05 ; 0,06 ; 0,06 ; 0,06 ; 0,06 ; 0,06 ; 0,06 ; 0,06 ; 0,06 ; 0,06 ; 0,06 ; 0,06 ; 0,06 ; 0,07 ; 0,07 ; 0,08 ; 0,08 ; 0,08 ; 0,08 ; 0,07 ; 0,07 ; 0,08 ; 0,09 ; 0,09 ; 0,09 ; 0,10 ; 0,09 
Deux roues électriques;D0.2.1.2.6.1.5.3;;CITEPA;https://www.citepa.org/donnees-air-climat/donnees-gaz-a-effet-de-serre/secten/;France;G0.2.2.3;Mt CO2e;; -   ; -   ; -   ; -   ; -   ; -   ; -   ; -   ; -   ; -   ; -   ; -   ; -   ; -   ; -   ; -   ; -   ; -   ; -   ; -   ; -   ; -   ; -   ; -   ; -   ; -   ; -   ; -   ; -   ; -   ; -   ; -   ; -   ; -   
;;;;;;;;;;;;;;;;;;;;;;;;;;;;;;;;;;;;;;;;;;
Transport ferroviaire;D0.2.1.2.6.2.1;;CITEPA;https://www.citepa.org/donnees-air-climat/donnees-gaz-a-effet-de-serre/secten/;France;G0.2.2.3;Mt CO2e;; 1,09 ; 1,06 ; 1,01 ; 0,93 ; 0,87 ; 0,83 ; 0,80 ; 0,79 ; 0,76 ; 0,76 ; 0,78 ; 0,75 ; 0,77 ; 0,74 ; 0,74 ; 0,67 ; 0,65 ; 0,62 ; 0,63 ; 0,58 ; 0,55 ; 0,57 ; 0,54 ; 0,54 ; 0,47 ; 0,52 ; 0,44 ; 0,46 ; 0,41 ; 0,41 ; 0,35 ; 0,39 ; 0,40 ; 0,39 
Transport fluvial de marchandises;D0.2.1.2.6.2.2;;CITEPA;https://www.citepa.org/donnees-air-climat/donnees-gaz-a-effet-de-serre/secten/;France;G0.2.2.3;Mt CO2e;; 0,13 ; 0,14 ; 0,15 ; 0,10 ; 0,10 ; 0,10 ; 0,10 ; 0,09 ; 0,10 ; 0,12 ; 0,12 ; 0,11 ; 0,12 ; 0,12 ; 0,12 ; 0,14 ; 0,14 ; 0,13 ; 0,13 ; 0,14 ; 0,14 ; 0,15 ; 0,14 ; 0,14 ; 0,13 ; 0,13 ; 0,11 ; 0,11 ; 0,11 ; 0,12 ; 0,11 ; 0,12 ; 0,12 ; 0,12 
Transport maritime domestique;D0.2.1.2.6.2.3;;CITEPA;https://www.citepa.org/donnees-air-climat/donnees-gaz-a-effet-de-serre/secten/;France;G0.2.2.3;Mt CO2e;; 1,73 ; 1,89 ; 1,72 ; 1,93 ; 1,84 ; 1,78 ; 1,75 ; 1,78 ; 1,81 ; 1,93 ; 1,87 ; 2,00 ; 1,97 ; 2,02 ; 1,88 ; 1,85 ; 1,72 ; 1,66 ; 1,60 ; 1,64 ; 1,60 ; 1,56 ; 1,68 ; 1,55 ; 1,55 ; 1,55 ; 1,51 ; 1,66 ; 1,61 ; 1,63 ; 1,65 ; 1,78 ; 1,75 ; 1,63 
Transport autres navigations;D0.2.1.2.6.2.4;;CITEPA;https://www.citepa.org/donnees-air-climat/donnees-gaz-a-effet-de-serre/secten/;France;G0.2.2.3;Mt CO2e;; 0,67 ; 0,68 ; 0,70 ; 0,73 ; 0,75 ; 0,78 ; 0,80 ; 0,83 ; 0,88 ; 0,90 ; 0,84 ; 0,89 ; 0,96 ; 0,97 ; 0,99 ; 0,94 ; 0,93 ; 0,95 ; 0,91 ; 0,93 ; 0,94 ; 0,92 ; 0,98 ; 0,98 ; 0,99 ; 0,99 ; 0,99 ; 0,99 ; 0,99 ; 1,00 ; 1,00 ; 1,00 ; 0,99 ; 1,03 
Transport aérien français;D0.2.1.2.6.2.5;;CITEPA;https://www.citepa.org/donnees-air-climat/donnees-gaz-a-effet-de-serre/secten/;France;G0.2.2.3;Mt CO2e;; 3,64 ; 3,75 ; 3,72 ; 3,72 ; 3,90 ; 4,47 ; 4,99 ; 5,14 ; 5,34 ; 5,51 ; 5,69 ; 5,38 ; 5,23 ; 4,78 ; 4,85 ; 4,71 ; 4,51 ; 4,46 ; 4,50 ; 4,47 ; 4,44 ; 4,65 ; 4,67 ; 4,61 ; 4,41 ; 4,41 ; 4,55 ; 4,70 ; 4,94 ; 5,01 ; 3,07 ; 3,80 ; 4,62 ; 4,46 
;;;;;;;;;;;;;;;;;;;;;;;;;;;;;;;;;;;;;;;;;;
Forêts;D0.2.1.2.7.1;;CITEPA;https://www.citepa.org/donnees-air-climat/donnees-gaz-a-effet-de-serre/secten/;France;G0.2.2.3;Mt CO2e;;-40,71 ;-42,26 ;-42,71 ;-47,63 ;-47,65 ;-49,24 ;-55,69 ;-54,61 ;-55,65 ;-58,50 ;-38,97 ;-49,43 ;-58,51 ;-61,84 ;-63,98 ;-64,23 ;-66,21 ;-67,47 ;-70,33 ;-62,01 ;-61,15 ;-61,20 ;-64,28 ;-67,34 ;-60,26 ;-57,33 ;-48,47 ;-37,84 ;-36,24 ;-36,47 ;-38,56 ;-34,43 ;-34,60 ;-36,76 
Terres cultivées;D0.2.1.2.7.2;;CITEPA;https://www.citepa.org/donnees-air-climat/donnees-gaz-a-effet-de-serre/secten/;France;G0.2.2.3;Mt CO2e;; 26,34 ; 28,54 ; 27,61 ; 26,61 ; 25,64 ; 23,70 ; 22,29 ; 20,57 ; 19,32 ; 17,56 ; 15,41 ; 12,08 ; 10,69 ; 9,68 ; 10,90 ; 12,85 ; 15,61 ; 18,02 ; 19,94 ; 20,31 ; 19,77 ; 19,33 ; 17,67 ; 16,34 ; 15,67 ; 15,27 ; 12,32 ; 11,49 ; 10,47 ; 11,90 ; 9,96 ; 10,02 ; 9,94 ; 9,94 
Prairies;D0.2.1.2.7.3;;CITEPA;https://www.citepa.org/donnees-air-climat/donnees-gaz-a-effet-de-serre/secten/;France;G0.2.2.3;Mt CO2e;;-4,75 ;-6,31 ;-5,89 ;-5,35 ;-4,67 ;-3,99 ;-3,35 ;-2,59 ;-2,45 ;-2,23 ;-2,39 ;-3,40 ;-3,72 ;-3,97 ;-4,13 ;-4,18 ;-4,14 ;-1,07 ;-0,95 ;-0,83 ;-0,96 ;-0,84 ;-0,88 ;-1,37 ;-1,37 ;-1,33 ;-2,55 ;-0,77 ;-6,03 ;-1,31 ;-1,03 ;-0,44 ;-0,43 ;-0,43 
Zones humides;D0.2.1.2.7.4;;CITEPA;https://www.citepa.org/donnees-air-climat/donnees-gaz-a-effet-de-serre/secten/;France;G0.2.2.3;Mt CO2e;; 0,53 ; 0,53 ; 0,54 ; 0,56 ; 0,58 ; 0,58 ; 0,57 ; 0,58 ; 0,59 ; 0,59 ; 0,58 ; 0,47 ; 0,44 ; 0,42 ; 0,42 ; 0,42 ; 0,41 ; 0,41 ; 1,05 ; 1,03 ; 1,02 ; 0,94 ; 0,94 ; 0,97 ; 1,15 ; 1,44 ; 2,52 ; 2,20 ; 1,94 ; 1,72 ; 1,50 ; 1,39 ; 1,34 ; 1,34 
Zones artificialisées;D0.2.1.2.7.5;;CITEPA;https://www.citepa.org/donnees-air-climat/donnees-gaz-a-effet-de-serre/secten/;France;G0.2.2.3;Mt CO2e;; 5,58 ; 5,97 ; 6,06 ; 5,88 ; 5,58 ; 5,28 ; 5,26 ; 5,24 ; 5,24 ; 5,28 ; 5,26 ; 5,58 ; 5,63 ; 5,65 ; 5,70 ; 5,76 ; 5,85 ; 6,43 ; 6,62 ; 7,22 ; 7,25 ; 7,49 ; 7,56 ; 7,06 ; 6,62 ; 6,52 ; 6,48 ; 6,16 ; 6,01 ; 5,80 ; 5,68 ; 5,76 ; 5,93 ; 5,93 
Autres terres;D0.2.1.2.7.6;;CITEPA;https://www.citepa.org/donnees-air-climat/donnees-gaz-a-effet-de-serre/secten/;France;G0.2.2.3;Mt CO2e;; 0,13 ; 0,12 ; 0,12 ; 0,12 ; 0,11 ; 0,12 ; 0,12 ; 0,12 ; 0,12 ; 0,13 ; 0,12 ; 0,12 ; 0,12 ; 0,12 ; 0,12 ; 0,11 ; 0,11 ; 0,11 ; 0,12 ; 0,12 ; 0,12 ; 0,12 ; 0,12 ; 0,12 ; 0,13 ; 0,14 ; 0,14 ; 0,13 ; 0,13 ; 0,13 ; 0,12 ; 0,13 ; 0,13 ; 0,13 
Produits bois;D0.2.1.2.7.7;;CITEPA;https://www.citepa.org/donnees-air-climat/donnees-gaz-a-effet-de-serre/secten/;France;G0.2.2.3;Mt CO2e;;-5,40 ;-5,05 ;-3,02 ;-1,75 ;-2,70 ;-3,11 ;-2,52 ;-3,17 ;-3,76 ;-3,91 ;-4,45 ;-4,15 ;-2,95 ;-2,83 ;-3,50 ;-4,18 ;-4,34 ;-4,79 ;-3,46 ;-1,27 ;-3,13 ;-3,95 ;-2,70 ;-2,17 ;-1,97 ;-1,42 ;-1,06 ;-1,11 ;-0,96 ;-0,67 ; 0,69 ;-1,75 ;-1,09 ;-1,09 
Barrages;D0.2.1.2.7.8;;CITEPA;https://www.citepa.org/donnees-air-climat/donnees-gaz-a-effet-de-serre/secten/;France;G0.2.2.3;Mt CO2e;; -   ; -   ; -   ; -   ; 3,77 ; 4,24 ; 3,30 ; 2,60 ; 2,07 ; 1,68 ; 1,38 ; 1,16 ; 0,98 ; 0,84 ; 0,74 ; 0,65 ; 0,59 ; 0,53 ; 0,49 ; 0,45 ; 0,42 ; 0,39 ; 0,37 ; 0,35 ; 0,34 ; 0,33 ; 0,32 ; 0,31 ; 0,30 ; 0,29 ; 0,28 ; 0,28 ; 0,27 ; 0,27 
;;;;;;;;;;;;;;;;;;;;;;;;;;;;;;;;;;;;;;;;;;
Transports - hors total;D0.2.1.2.8.1;;CITEPA;https://www.citepa.org/donnees-air-climat/donnees-gaz-a-effet-de-serre/secten/;France;G0.2.2.3;Mt CO2e;; 17,54 ; 17,48 ; 18,65 ; 18,69 ; 18,24 ; 18,56 ; 19,65 ; 20,71 ; 22,30 ; 23,72 ; 24,51 ; 23,08 ; 22,88 ; 23,64 ; 25,83 ; 25,20 ; 26,39 ; 27,24 ; 26,19 ; 24,72 ; 24,53 ; 25,77 ; 24,87 ; 24,05 ; 23,15 ; 23,42 ; 22,84 ; 23,43 ; 24,74 ; 24,84 ; 11,42 ; 12,64 ; 17,91 ; 19,73 
Emissions naturelles;D0.2.1.2.8.2;;CITEPA;https://www.citepa.org/donnees-air-climat/donnees-gaz-a-effet-de-serre/secten/;France;G0.2.2.3;Mt CO2e;; 3,24 ; 3,26 ; 3,24 ; 3,29 ; 3,33 ; 3,34 ; 3,34 ; 3,38 ; 3,52 ; 3,55 ; 3,69 ; 3,45 ; 4,37 ; 3,61 ; 3,62 ; 3,51 ; 3,76 ; 3,82 ; 3,73 ; 3,79 ; 3,81 ; 3,76 ; 3,79 ; 3,80 ; 3,82 ; 3,83 ; 3,83 ; 3,84 ; 3,84 ; 3,85 ; 3,85 ; 3,85 ; 3,85 ; 3,85 
;;;;;;G0.2.2.3;;;;;;;;;;;;;;;;;;;;;;;;;;;;;;;;;;;;
Transport fluvial international - hors total national;D0.2.1.2.8.1.1;;CITEPA;https://www.citepa.org/donnees-air-climat/donnees-gaz-a-effet-de-serre/secten/;France;G0.2.2.3;Mt CO2e;; 0,09 ; 0,08 ; 0,09 ; 0,07 ; 0,08 ; 0,08 ; 0,08 ; 0,08 ; 0,08 ; 0,08 ; 0,09 ; 0,09 ; 0,09 ; 0,08 ; 0,09 ; 0,09 ; 0,10 ; 0,09 ; 0,09 ; 0,08 ; 0,09 ; 0,08 ; 0,08 ; 0,08 ; 0,08 ; 0,08 ; 0,07 ; 0,07 ; 0,06 ; 0,07 ; 0,06 ; 0,06 ; 0,07 ; 0,07 
Transport maritime international - hors total national;D0.2.1.2.8.1.2;;CITEPA;https://www.citepa.org/donnees-air-climat/donnees-gaz-a-effet-de-serre/secten/;France;G0.2.2.3;Mt CO2e;; 8,01 ; 8,31 ; 8,05 ; 7,81 ; 6,95 ; 7,16 ; 7,53 ; 8,27 ; 9,12 ; 9,23 ; 9,52 ; 8,06 ; 7,80 ; 8,47 ; 9,66 ; 8,83 ; 9,18 ; 9,43 ; 8,20 ; 8,20 ; 7,95 ; 8,53 ; 8,06 ; 7,34 ; 6,25 ; 5,56 ; 5,28 ; 5,59 ; 6,32 ; 5,55 ; 3,11 ; 3,54 ; 3,78 ; 3,37 
Transport aérien international - hors total national;D0.2.1.2.8.1.3;;CITEPA;https://www.citepa.org/donnees-air-climat/donnees-gaz-a-effet-de-serre/secten/;France;G0.2.2.3;Mt CO2e;; 9,45 ; 9,09 ; 10,51 ; 10,82 ; 11,21 ; 11,31 ; 12,04 ; 12,37 ; 13,10 ; 14,42 ; 14,89 ; 14,93 ; 14,98 ; 15,08 ; 16,08 ; 16,28 ; 17,11 ; 17,72 ; 17,90 ; 16,44 ; 16,49 ; 17,16 ; 16,73 ; 16,63 ; 16,82 ; 17,78 ; 17,48 ; 17,76 ; 18,35 ; 19,22 ; 8,25 ; 9,04 ; 14,06 ; 16,30 
Autres engins hors total national;D0.2.1.2.8.1.4;;CITEPA;https://www.citepa.org/donnees-air-climat/donnees-gaz-a-effet-de-serre/secten/;France;G0.2.2.3;Mt CO2e;; 0,00 ; 0,00 ; 0,00 ; 0,00 ; 0,00 ; 0,00 ; 0,00 ; 0,00 ; 0,00 ; 0,00 ; 0,00 ; 0,00 ; 0,00 ; 0,00 ; 0,00 ; 0,00 ; 0,00 ; 0,00 ; 0,00 ; 0,00 ; 0,00 ; 0,00 ; 0,00 ; 0,00 ; 0,00 ; 0,00 ; 0,00 ; 0,00 ; 0,00 ; 0,00 ; 0,00 ; 0,00 ; 0,00 ; 0,00 
;;;;;;;;;;;;;;;;;;;;;;;;;;;;;;;;;;;;;;;;;;
Végétation (dont polluants des feux de forêt);D0.2.1.2.8.2.1;;CITEPA;https://www.citepa.org/donnees-air-climat/donnees-gaz-a-effet-de-serre/secten/;France;G0.2.2.3;Mt CO2e;; -   ; -   ; -   ; -   ; -   ; -   ; -   ; -   ; -   ; -   ; -   ; -   ; -   ; -   ; -   ; -   ; -   ; -   ; -   ; -   ; -   ; -   ; -   ; -   ; -   ; -   ; -   ; -   ; -   ; -   ; -   ; -   ; -   ; -   
Eaux;D0.2.1.2.8.2.2;;CITEPA;https://www.citepa.org/donnees-air-climat/donnees-gaz-a-effet-de-serre/secten/;France;G0.2.2.3;Mt CO2e;; 3,24 ; 3,26 ; 3,24 ; 3,29 ; 3,33 ; 3,34 ; 3,34 ; 3,38 ; 3,38 ; 3,41 ; 3,42 ; 3,45 ; 3,47 ; 3,48 ; 3,48 ; 3,51 ; 3,63 ; 3,69 ; 3,71 ; 3,75 ; 3,76 ; 3,76 ; 3,79 ; 3,80 ; 3,82 ; 3,83 ; 3,83 ; 3,84 ; 3,84 ; 3,85 ; 3,85 ; 3,85 ; 3,85 ; 3,85 
Autres émissions naturelles (volcans, foudre…);D0.2.1.2.8.2.3;;CITEPA;https://www.citepa.org/donnees-air-climat/donnees-gaz-a-effet-de-serre/secten/;France;G0.2.2.3;Mt CO2e;; -   ; -   ; -   ; -   ; -   ; -   ; -   ; -   ; 0,13 ; 0,13 ; 0,27 ; -   ; 0,90 ; 0,13 ; 0,13 ; -   ; 0,13 ; 0,13 ; 0,02 ; 0,05 ; 0,05 ; -   ; -   ; -   ; -   ; -   ; -   ; -   ; -   ; -   ; -   ; -   ; -   ; -   
;;;;;;;;;;;;;;;;;;;;;;;;;;;;;;;;;;;;;;;;;;
CMS sauf lignite;D0.2.1.3.1.1;;CITEPA;https://www.citepa.org/donnees-air-climat/donnees-gaz-a-effet-de-serre/secten/;France;G0.2.2.3;Mt CO2e;; 53,87 ; 59,71 ; 52,32 ; 36,97 ; 36,33 ; 38,99 ; 40,61 ; 34,05 ; 42,93 ; 39,52 ; 37,76 ; 30,58 ; 30,33 ; 32,70 ; 30,48 ; 33,67 ; 29,04 ; 31,92 ; 29,37 ; 26,90 ; 26,62 ; 20,42 ; 25,63 ; 26,80 ; 16,02 ; 15,74 ; 14,38 ; 16,51 ; 12,44 ; 7,46 ; 6,70 ; 9,62 ; 7,43 ; 5,38 
Lignite;D0.2.1.3.1.2;;CITEPA;https://www.citepa.org/donnees-air-climat/donnees-gaz-a-effet-de-serre/secten/;France;G0.2.2.3;Mt CO2e;; 2,47 ; 2,47 ; 2,47 ; 3,79 ; 3,34 ; 2,92 ; 2,83 ; 2,53 ; 2,99 ; 0,56 ; 0,58 ; 0,49 ; 0,27 ; 0,02 ; 0,04 ; 0,07 ; 0,13 ; 0,16 ; 0,14 ; 0,10 ; 0,09 ; 0,11 ; 0,11 ; 0,10 ; 0,12 ; 0,07 ; 0,10 ; 0,12 ; 0,10 ; 0,10 ; 0,06 ; 0,02 ; 0,02 ; 0,02 
Bois;D0.2.1.3.1.3;;CITEPA;https://www.citepa.org/donnees-air-climat/donnees-gaz-a-effet-de-serre/secten/;France;G0.2.2.3;Mt CO2e;; 5,19 ; 6,14 ; 5,91 ; 5,70 ; 4,92 ; 4,98 ; 5,42 ; 4,77 ; 4,79 ; 4,54 ; 4,30 ; 4,40 ; 4,07 ; 4,38 ; 4,40 ; 4,29 ; 3,84 ; 3,58 ; 3,65 ; 3,54 ; 3,79 ; 2,84 ; 3,08 ; 3,15 ; 2,48 ; 2,58 ; 2,73 ; 2,55 ; 2,41 ; 2,35 ; 2,00 ; 2,20 ; 1,87 ; 1,88 
Déchets industriels solides;D0.2.1.3.1.4;;CITEPA;https://www.citepa.org/donnees-air-climat/donnees-gaz-a-effet-de-serre/secten/;France;G0.2.2.3;Mt CO2e;; 0,82 ; 0,85 ; 0,91 ; 0,90 ; 1,03 ; 1,04 ; 1,06 ; 1,00 ; 1,07 ; 1,11 ; 1,17 ; 1,28 ; 1,37 ; 1,39 ; 1,29 ; 1,44 ; 1,53 ; 1,44 ; 1,43 ; 1,41 ; 1,52 ; 1,60 ; 1,48 ; 1,48 ; 1,78 ; 1,57 ; 1,61 ; 1,53 ; 1,49 ; 1,94 ; 1,75 ; 2,02 ; 1,85 ; 1,83 
Déchets municipaux organiques;D0.2.1.3.1.5;;CITEPA;https://www.citepa.org/donnees-air-climat/donnees-gaz-a-effet-de-serre/secten/;France;G0.2.2.3;Mt CO2e;; 0,10 ; 0,11 ; 0,12 ; 0,13 ; 0,13 ; 0,13 ; 0,14 ; 0,14 ; 0,14 ; 0,16 ; 0,17 ; 0,18 ; 0,19 ; 0,20 ; 0,21 ; 0,20 ; 0,13 ; 0,10 ; 0,11 ; 0,10 ; 0,13 ; 0,09 ; 0,10 ; 0,09 ; 0,08 ; 0,07 ; 0,07 ; 0,08 ; 0,06 ; 0,05 ; 0,05 ; 0,03 ; 0,03 ; 0,03 
Déchets municipaux  fossiles;D0.2.1.3.1.6;;CITEPA;https://www.citepa.org/donnees-air-climat/donnees-gaz-a-effet-de-serre/secten/;France;G0.2.2.3;Mt CO2e;; 2,63 ; 2,88 ; 3,12 ; 3,37 ; 3,39 ; 3,42 ; 3,37 ; 3,40 ; 3,41 ; 3,78 ; 3,97 ; 4,24 ; 4,52 ; 4,70 ; 4,88 ; 4,87 ; 4,80 ; 4,74 ; 4,69 ; 5,04 ; 5,43 ; 5,63 ; 5,86 ; 6,19 ; 6,52 ; 6,70 ; 6,88 ; 6,96 ; 7,03 ; 7,07 ; 7,11 ; 7,10 ; 7,10 ; 7,10 
Ordures ménagères;D0.2.1.3.1.7;;CITEPA;https://www.citepa.org/donnees-air-climat/donnees-gaz-a-effet-de-serre/secten/;France;G0.2.2.3;Mt CO2e;; -   ; -   ; -   ; -   ; -   ; -   ; -   ; -   ; -   ; -   ; -   ; -   ; -   ; -   ; -   ; -   ; -   ; -   ; -   ; -   ; -   ; -   ; -   ; -   ; -   ; -   ; -   ; -   ; -   ; -   ; -   ; -   ; -   ; -   
Autres combustibles solides;D0.2.1.3.1.8;;CITEPA;https://www.citepa.org/donnees-air-climat/donnees-gaz-a-effet-de-serre/secten/;France;G0.2.2.3;Mt CO2e;; 0,08 ; 0,08 ; 0,08 ; 0,08 ; 0,11 ; 0,11 ; 0,11 ; 0,10 ; 0,17 ; 0,17 ; 0,13 ; 0,26 ; 0,23 ; 0,19 ; 0,19 ; 0,30 ; 0,27 ; 0,26 ; 0,90 ; 0,67 ; 0,89 ; 0,94 ; 0,83 ; 0,76 ; 0,79 ; 0,74 ; 0,77 ; 0,76 ; 0,78 ; 0,69 ; 0,62 ; 0,77 ; 0,74 ; 0,70 
;;;;;;;;;;;;;;;;;;;;;;;;;;;;;;;;;;;;;;;;;;
Coke de pétrole;D0.2.1.3.2.1;;CITEPA;https://www.citepa.org/donnees-air-climat/donnees-gaz-a-effet-de-serre/secten/;France;G0.2.2.3;Mt CO2e;; 3,40 ; 3,28 ; 3,10 ; 1,94 ; 2,98 ; 3,11 ; 3,65 ; 2,90 ; 2,49 ; 3,59 ; 3,02 ; 3,90 ; 3,08 ; 3,35 ; 3,77 ; 3,93 ; 4,28 ; 3,72 ; 3,24 ; 3,52 ; 3,18 ; 2,62 ; 2,49 ; 2,67 ; 2,39 ; 2,12 ; 2,33 ; 1,73 ; 1,65 ; 1,79 ; 1,77 ; 1,73 ; 1,95 ; 1,83 
Fioul lourd;D0.2.1.3.2.2;;CITEPA;https://www.citepa.org/donnees-air-climat/donnees-gaz-a-effet-de-serre/secten/;France;G0.2.2.3;Mt CO2e;; 28,21 ; 32,36 ; 27,18 ; 24,14 ; 22,72 ; 23,58 ; 23,88 ; 23,57 ; 25,43 ; 23,07 ; 20,56 ; 20,24 ; 18,04 ; 18,67 ; 18,00 ; 19,35 ; 18,36 ; 16,52 ; 16,11 ; 14,32 ; 12,61 ; 9,74 ; 8,58 ; 7,03 ; 5,68 ; 5,80 ; 5,38 ; 4,98 ; 4,00 ; 3,61 ; 3,23 ; 3,49 ; 3,52 ; 3,30 
Fioul domestique;D0.2.1.3.2.3;;CITEPA;https://www.citepa.org/donnees-air-climat/donnees-gaz-a-effet-de-serre/secten/;France;G0.2.2.3;Mt CO2e;; 57,03 ; 60,37 ; 60,07 ; 60,80 ; 54,19 ; 55,47 ; 58,44 ; 54,53 ; 58,01 ; 56,35 ; 51,04 ; 57,59 ; 54,47 ; 55,92 ; 55,70 ; 54,70 ; 50,33 ; 44,65 ; 48,43 ; 47,63 ; 44,53 ; 36,05 ; 28,16 ; 28,33 ; 23,89 ; 25,08 ; 22,61 ; 22,47 ; 20,34 ; 19,08 ; 18,89 ; 17,46 ; 14,35 ; 13,02 
Essence / super;D0.2.1.3.2.4;;CITEPA;https://www.citepa.org/donnees-air-climat/donnees-gaz-a-effet-de-serre/secten/;France;G0.2.2.3;Mt CO2e;; 62,51 ; 61,05 ; 61,23 ; 58,81 ; 56,39 ; 54,10 ; 52,45 ; 51,43 ; 50,41 ; 49,28 ; 46,87 ; 45,89 ; 44,15 ; 41,71 ; 39,74 ; 36,99 ; 34,57 ; 32,32 ; 28,74 ; 27,70 ; 25,94 ; 24,47 ; 22,77 ; 22,03 ; 21,91 ; 22,19 ; 22,67 ; 23,27 ; 24,02 ; 25,73 ; 22,07 ; 26,49 ; 29,04 ; 30,45 
Gazole et GNR;D0.2.1.3.2.5;;CITEPA;https://www.citepa.org/donnees-air-climat/donnees-gaz-a-effet-de-serre/secten/;France;G0.2.2.3;Mt CO2e;; 55,05 ; 59,06 ; 63,43 ; 65,96 ; 69,23 ; 72,80 ; 75,47 ; 78,72 ; 81,58 ; 84,52 ; 86,21 ; 90,42 ; 93,07 ; 95,40 ; 97,71 ; 98,27 ; 100,91 ; 102,01 ; 98,84 ; 99,51 ; 102,05 ; 108,74 ; 116,85 ; 118,38 ; 118,50 ; 119,56 ; 118,82 ; 118,46 ; 114,72 ; 112,30 ; 97,69 ; 106,50 ; 107,64 ; 101,85 
Carburéacteurs;D0.2.1.3.2.6;;CITEPA;https://www.citepa.org/donnees-air-climat/donnees-gaz-a-effet-de-serre/secten/;France;G0.2.2.3;Mt CO2e;; 7,95 ; 7,69 ; 6,37 ; 5,96 ; 4,85 ; 4,94 ; 5,86 ; 6,45 ; 7,35 ; 7,59 ; 7,91 ; 7,45 ; 7,14 ; 6,92 ; 6,99 ; 6,76 ; 6,68 ; 6,51 ; 6,64 ; 6,68 ; 6,64 ; 7,04 ; 6,76 ; 6,65 ; 6,25 ; 6,22 ; 5,97 ; 6,18 ; 6,45 ; 6,53 ; 4,45 ; 5,70 ; 6,52 ; 6,72 
Huiles et solvants usagés;D0.2.1.3.2.7;;CITEPA;https://www.citepa.org/donnees-air-climat/donnees-gaz-a-effet-de-serre/secten/;France;G0.2.2.3;Mt CO2e;; 0,62 ; 0,68 ; 0,79 ; 0,84 ; 0,94 ; 0,94 ; 1,07 ; 1,16 ; 1,25 ; 1,39 ; 1,29 ; 1,25 ; 1,14 ; 1,08 ; 1,07 ; 0,71 ; 0,70 ; 0,69 ; 0,62 ; 0,56 ; 0,60 ; 0,64 ; 0,56 ; 0,56 ; 0,59 ; 0,59 ; 0,72 ; 0,72 ; 0,67 ; 0,61 ; 0,48 ; 0,52 ; 0,49 ; 0,48 
Autres produits pétroliers;D0.2.1.3.2.8;;CITEPA;https://www.citepa.org/donnees-air-climat/donnees-gaz-a-effet-de-serre/secten/;France;G0.2.2.3;Mt CO2e;; 2,68 ; 3,34 ; 3,54 ; 3,79 ; 4,74 ; 4,87 ; 5,27 ; 5,29 ; 2,39 ; 2,41 ; 2,06 ; 2,97 ; 3,34 ; 3,42 ; 3,37 ; 2,88 ; 2,64 ; 2,78 ; 2,32 ; 2,30 ; 2,34 ; 2,41 ; 2,03 ; 1,72 ; 1,78 ; 1,59 ; 1,31 ; 1,20 ; 1,05 ; 1,07 ; 0,94 ; 0,95 ; 1,00 ; 0,97 
Liqueurs noires;D0.2.1.3.2.9;;CITEPA;https://www.citepa.org/donnees-air-climat/donnees-gaz-a-effet-de-serre/secten/;France;G0.2.2.3;Mt CO2e;; 0,01 ; 0,01 ; 0,01 ; 0,01 ; 0,01 ; 0,01 ; 0,01 ; 0,01 ; 0,01 ; 0,01 ; 0,01 ; 0,01 ; 0,01 ; 0,01 ; 0,01 ; 0,01 ; 0,01 ; 0,01 ; 0,01 ; 0,01 ; 0,01 ; 0,01 ; 0,01 ; 0,01 ; 0,01 ; 0,01 ; 0,01 ; 0,01 ; 0,01 ; 0,01 ; 0,01 ; 0,01 ; 0,01 ; 0,01 
Autres combustibles liquides;D0.2.1.3.2.10;;CITEPA;https://www.citepa.org/donnees-air-climat/donnees-gaz-a-effet-de-serre/secten/;France;G0.2.2.3;Mt CO2e;; 0,22 ; 0,23 ; 0,24 ; 0,26 ; 0,24 ; 0,27 ; 0,23 ; 0,27 ; 0,32 ; 0,33 ; 0,31 ; 0,30 ; 0,52 ; 0,60 ; 0,62 ; 0,60 ; 0,61 ; 0,67 ; 0,61 ; 0,57 ; 0,64 ; 0,60 ; 0,49 ; 0,39 ; 0,44 ; 0,45 ; 0,69 ; 0,74 ; 0,70 ; 0,53 ; 0,45 ; 0,50 ; 0,43 ; 0,43 
;;;;;;;;;;;;;;;;;;;;;;;;;;;;;;;;;;;;;;;;;;
Gaz naturel et GNV;D0.2.1.3.3.1;;CITEPA;https://www.citepa.org/donnees-air-climat/donnees-gaz-a-effet-de-serre/secten/;France;G0.2.2.3;Mt CO2e;; 59,84 ; 67,68 ; 68,64 ; 68,95 ; 68,45 ; 69,66 ; 76,64 ; 75,84 ; 77,57 ; 81,42 ; 85,06 ; 89,18 ; 88,82 ; 92,66 ; 94,27 ; 96,02 ; 93,43 ; 90,29 ; 93,26 ; 92,38 ; 97,97 ; 89,14 ; 92,04 ; 92,59 ; 77,05 ; 82,24 ; 90,25 ; 90,05 ; 85,56 ; 86,98 ; 80,91 ; 85,20 ; 77,39 ; 67,69 
GPL et GPLc;D0.2.1.3.3.2;;CITEPA;https://www.citepa.org/donnees-air-climat/donnees-gaz-a-effet-de-serre/secten/;France;G0.2.2.3;Mt CO2e;; 7,84 ; 8,94 ; 8,67 ; 8,38 ; 8,36 ; 7,58 ; 8,58 ; 8,44 ; 9,39 ; 10,47 ; 10,04 ; 9,61 ; 8,88 ; 8,54 ; 8,73 ; 8,26 ; 7,77 ; 7,44 ; 7,19 ; 7,09 ; 7,36 ; 6,53 ; 6,40 ; 6,32 ; 5,51 ; 5,48 ; 5,43 ; 5,41 ; 5,20 ; 5,14 ; 4,82 ; 5,26 ; 4,77 ; 4,68 
Gaz de cokerie;D0.2.1.3.3.3;;CITEPA;https://www.citepa.org/donnees-air-climat/donnees-gaz-a-effet-de-serre/secten/;France;G0.2.2.3;Mt CO2e;; 1,14 ; 1,18 ; 1,12 ; 0,93 ; 0,92 ; 0,85 ; 0,83 ; 0,79 ; 0,88 ; 0,76 ; 0,73 ; 0,72 ; 0,70 ; 0,70 ; 0,69 ; 0,56 ; 0,62 ; 0,63 ; 0,66 ; 0,49 ; 0,33 ; 0,32 ; 0,37 ; 0,39 ; 0,36 ; 0,33 ; 0,26 ; 0,28 ; 0,25 ; 0,38 ; 0,34 ; 0,33 ; 0,35 ; 0,27 
Gaz de haut-fourneau;D0.2.1.3.3.4;;CITEPA;https://www.citepa.org/donnees-air-climat/donnees-gaz-a-effet-de-serre/secten/;France;G0.2.2.3;Mt CO2e;; 10,12 ; 10,18 ; 10,30 ; 9,82 ; 9,69 ; 9,09 ; 9,46 ; 10,51 ; 11,24 ; 11,35 ; 11,00 ; 9,67 ; 10,72 ; 9,96 ; 9,50 ; 10,03 ; 10,11 ; 8,85 ; 9,07 ; 7,18 ; 8,11 ; 7,58 ; 8,27 ; 7,99 ; 8,87 ; 8,46 ; 7,47 ; 7,89 ; 7,84 ; 7,83 ; 6,06 ; 7,08 ; 6,13 ; 4,75 
Gaz industriels;D0.2.1.3.3.5;;CITEPA;https://www.citepa.org/donnees-air-climat/donnees-gaz-a-effet-de-serre/secten/;France;G0.2.2.3;Mt CO2e;; 0,09 ; 0,08 ; 0,09 ; 0,09 ; 0,08 ; 0,10 ; 0,08 ; 0,08 ; 0,09 ; 0,15 ; 0,14 ; 0,12 ; 0,12 ; 0,18 ; 0,14 ; 0,14 ; 0,21 ; 0,27 ; 0,25 ; 0,20 ; 0,17 ; 0,17 ; 0,43 ; 0,51 ; 0,51 ; 0,48 ; 0,50 ; 0,58 ; 0,71 ; 0,43 ; 0,46 ; 0,45 ; 0,37 ; 0,37 
Gaz de raffinerie;D0.2.1.3.3.6;;CITEPA;https://www.citepa.org/donnees-air-climat/donnees-gaz-a-effet-de-serre/secten/;France;G0.2.2.3;Mt CO2e;; 6,03 ; 6,13 ; 6,44 ; 6,27 ; 6,51 ; 6,66 ; 6,73 ; 6,85 ; 7,27 ; 6,48 ; 6,99 ; 6,75 ; 6,16 ; 6,25 ; 6,22 ; 6,28 ; 6,78 ; 6,79 ; 7,13 ; 6,76 ; 6,09 ; 6,39 ; 5,59 ; 5,35 ; 5,25 ; 5,41 ; 5,37 ; 4,90 ; 4,70 ; 5,16 ; 4,34 ; 3,91 ; 4,24 ; 4,58 
Biogaz;D0.2.1.3.3.7;;CITEPA;https://www.citepa.org/donnees-air-climat/donnees-gaz-a-effet-de-serre/secten/;France;G0.2.2.3;Mt CO2e;; 0,00 ; 0,00 ; 0,00 ; 0,00 ; 0,00 ; 0,00 ; 0,00 ; 0,00 ; 0,00 ; 0,00 ; 0,00 ; 0,00 ; 0,00 ; 0,00 ; 0,00 ; 0,00 ; 0,00 ; 0,00 ; 0,00 ; 0,00 ; 0,00 ; 0,00 ; 0,00 ; 0,00 ; 0,00 ; 0,00 ; 0,00 ; 0,00 ; 0,00 ; 0,00 ; 0,00 ; 0,00 ; 0,01 ; 0,01 
Autres combustibles gazeux;D0.2.1.3.3.8;;CITEPA;https://www.citepa.org/donnees-air-climat/donnees-gaz-a-effet-de-serre/secten/;France;G0.2.2.3;Mt CO2e;; 0,36 ; 0,38 ; 0,43 ; 0,42 ; 0,48 ; 0,59 ; 0,48 ; 0,45 ; 0,49 ; 0,51 ; 0,63 ; 0,54 ; 0,46 ; 0,42 ; 0,61 ; 0,59 ; 0,56 ; 0,59 ; 0,59 ; 0,47 ; 0,61 ; 0,69 ; 0,61 ; 0,60 ; 0,59 ; 0,57 ; 0,64 ; 0,70 ; 0,70 ; 0,64 ; 0,46 ; 0,47 ; 0,67 ; 0,62 
;;;;;;;;;;;;;;;;;;;;;;;;;;;;;;;;;;;;;;;;;;
Agro-carburant essence;D0.2.1.3.4.1;;CITEPA;https://www.citepa.org/donnees-air-climat/donnees-gaz-a-effet-de-serre/secten/;France;G0.2.2.3;Mt CO2e;; -   ; -   ; 0,00 ; 0,00 ; 0,00 ; 0,00 ; 0,01 ; 0,01 ; 0,02 ; 0,01 ; 0,01 ; 0,01 ; 0,01 ; 0,01 ; 0,01 ; 0,01 ; 0,02 ; 0,03 ; 0,05 ; 0,04 ; 0,03 ; 0,03 ; 0,03 ; 0,03 ; 0,03 ; 0,03 ; 0,03 ; 0,03 ; 0,03 ; 0,03 ; 0,03 ; 0,03 ; 0,03 ; 0,03 
Agro-carburant diesel;D0.2.1.3.4.2;;CITEPA;https://www.citepa.org/donnees-air-climat/donnees-gaz-a-effet-de-serre/secten/;France;G0.2.2.3;Mt CO2e;; -   ; -   ; 0,00 ; 0,00 ; 0,00 ; 0,00 ; 0,00 ; 0,00 ; 0,00 ; 0,00 ; 0,00 ; 0,01 ; 0,01 ; 0,01 ; 0,01 ; 0,01 ; 0,01 ; 0,03 ; 0,05 ; 0,06 ; 0,06 ; 0,08 ; 0,13 ; 0,14 ; 0,16 ; 0,16 ; 0,17 ; 0,17 ; 0,17 ; 0,17 ; 0,16 ; 0,17 ; 0,15 ; 0,15 
Agro-carburant Kérozène;D0.2.1.3.4.3;;CITEPA;https://www.citepa.org/donnees-air-climat/donnees-gaz-a-effet-de-serre/secten/;France;G0.2.2.3;Mt CO2e;; -   ; -   ; -   ; -   ; -   ; -   ; -   ; -   ; -   ; -   ; -   ; -   ; -   ; -   ; -   ; -   ; -   ; -   ; -   ; -   ; -   ; -   ; -   ; -   ; -   ; -   ; -   ; -   ; -   ; -   ; -   ; -   ; 0,00 ; 0,00 
Agro-carburant fioul domestique;D0.2.1.3.4.4;;CITEPA;https://www.citepa.org/donnees-air-climat/donnees-gaz-a-effet-de-serre/secten/;France;G0.2.2.3;Mt CO2e;; -   ; -   ; -   ; -   ; -   ; -   ; -   ; -   ; -   ; -   ; -   ; -   ; -   ; -   ; -   ; -   ; -   ; -   ; -   ; -   ; -   ; -   ; -   ; -   ; -   ; -   ; -   ; -   ; -   ; -   ; -   ; -   ; -   ; -   
Autres produits de la biomasse;D0.2.1.3.4.5;;CITEPA;https://www.citepa.org/donnees-air-climat/donnees-gaz-a-effet-de-serre/secten/;France;G0.2.2.3;Mt CO2e;; 0,04 ; 0,04 ; 0,04 ; 0,04 ; 0,04 ; 0,04 ; 0,04 ; 0,04 ; 0,04 ; 0,04 ; 0,04 ; 0,05 ; 0,05 ; 0,05 ; 0,05 ; 0,05 ; 0,06 ; 0,05 ; 0,05 ; 0,05 ; 0,05 ; 0,05 ; 0,04 ; 0,04 ; 0,04 ; 0,04 ; 0,04 ; 0,04 ; 0,04 ; 0,04 ; 0,04 ; 0,04 ; 0,04 ; 0,04 
